	22.00	22.00	25.00	28.00	28.00	31.00	31.00	34.00	37.00	37.00	37.00	40.00	40.00	43.00	43.00	43.00	43.00	43.00	43.00	43.00	43.00	43.00	43.00	43.00	43.00	43.00	40.00	40.00	37.00	37.00	37.00	34.00	31.00	31.00	28.00	28.00	25.00	22.00	22.00	19.00	16.00	13.00	13.00	10.00	7.00	4.00	1.00	1.00	-2.00	-5.00	-8.00	-11.00	-14.00	-14.00	-17.00	-20.00	-23.00	-26.00	-29.00	-32.00	-35.00	-38.00	-41.00	-41.00	-44.00	-47.00	-50.00	-53.00	-56.00	-59.00	-62.00	-65.00	-68.00	-71.00	-74.00	-77.00	-80.00	-83.00	-83.00	-86.00	-89.00	-92.00	-95.00	-98.00	-101.00	-104.00	-107.00	-110.00	-113.00	-116.00	-119.00	-122.00	-125.00	-128.00	-131.00	-134.00	-137.00	-140.00	-143.00	-146.00
	22.00	24.25	26.78	29.38	30.85	32.81	34.38	36.28	38.39	39.59	40.69	42.39	43.25	44.77	45.53	45.84	45.95	45.98	45.99	46.00	46.00	46.00	46.00	46.00	45.44	44.69	43.34	42.27	40.59	39.55	38.51	36.45	34.23	32.75	30.90	29.24	27.06	24.81	23.18	20.65	18.19	15.66	13.86	11.49	8.75	6.22	3.67	1.86	-0.69	-3.53	-6.29	-9.17	-11.94	-13.66	-16.17	-18.98	-21.73	-24.57	-27.49	-30.46	-33.45	-36.26	-38.98	-41.05	-43.78	-46.33	-49.07	-51.95	-54.91	-57.90	-60.70	-63.56	-66.49	-69.46	-72.45	-75.45	-78.45	-81.26	-83.37	-86.11	-89.03	-92.01	-95.00	-97.81	-100.72	-103.68	-106.67	-109.67	-112.67	-115.67	-118.29	-121.06	-123.95	-126.91	-129.90	-132.89	-135.89	-138.89	-142.14	-146.00
	25.00	26.78	29.12	31.54	33.20	35.24	36.88	38.71	40.71	42.12	43.66	44.87	45.97	47.28	48.25	48.71	48.90	48.96	48.99	49.00	49.00	49.00	49.00	48.81	48.06	47.21	46.25	44.89	43.57	42.12	40.52	38.73	36.89	35.25	33.24	31.36	29.10	27.05	24.88	22.49	20.14	17.60	15.51	13.11	10.59	7.99	5.52	3.11	0.44	-2.03	-4.68	-7.51	-10.16	-12.58	-15.22	-18.04	-20.69	-23.47	-26.37	-29.32	-31.93	-34.64	-37.41	-40.07	-42.70	-45.35	-48.12	-51.01	-53.96	-56.94	-59.84	-62.74	-65.68	-68.65	-71.64	-74.45	-77.35	-80.22	-82.93	-85.77	-88.70	-91.68	-94.30	-97.01	-99.87	-102.81	-105.79	-108.78	-111.78	-114.59	-117.31	-120.11	-123.00	-125.96	-128.94	-131.93	-134.93	-137.93	-140.82	-143.00
	28.00	29.38	31.54	33.48	35.50	37.64	39.24	41.24	42.97	44.65	46.10	47.40	48.68	50.04	51.10	51.63	51.86	51.95	51.98	51.99	52.00	52.00	52.00	51.72	50.89	50.01	48.78	47.54	46.04	44.50	42.90	41.25	39.41	37.53	35.65	33.49	31.21	29.03	26.61	24.40	21.97	19.51	17.26	14.75	12.09	9.72	7.20	4.55	1.95	-0.66	-3.39	-6.07	-8.78	-11.49	-14.28	-16.79	-19.42	-22.21	-25.11	-27.88	-30.58	-33.36	-36.21	-39.06	-41.87	-44.69	-47.55	-50.48	-53.25	-56.14	-59.06	-62.00	-64.96	-67.94	-70.56	-73.27	-76.13	-79.04	-81.92	-84.85	-87.81	-90.60	-93.31	-96.10	-98.98	-101.93	-104.90	-107.89	-110.89	-113.80	-116.65	-119.54	-122.47	-125.43	-128.42	-131.41	-134.41	-137.41	-140.33	-143.00
	28.00	30.85	33.20	35.50	37.91	39.67	41.57	43.67	45.27	47.04	48.62	50.07	51.47	52.90	54.01	54.58	54.84	54.94	54.98	54.99	55.00	55.00	55.00	54.68	53.82	52.75	51.44	50.10	48.63	47.11	45.37	43.52	41.73	39.78	37.77	35.42	33.26	30.90	28.50	26.22	23.69	21.43	19.02	16.38	13.79	11.22	8.72	6.03	3.29	0.51	-1.96	-4.59	-7.36	-10.19	-12.89	-15.54	-18.28	-21.13	-24.06	-26.92	-29.77	-32.46	-35.28	-38.17	-41.08	-43.99	-46.92	-49.51	-52.20	-55.05	-57.97	-60.93	-63.91	-66.71	-69.42	-72.20	-75.08	-78.02	-80.96	-83.93	-86.91	-89.80	-92.66	-95.54	-98.46	-101.43	-104.41	-107.40	-110.40	-113.36	-116.30	-119.25	-122.21	-125.19	-128.18	-131.17	-134.17	-137.17	-140.13	-143.00
	31.00	32.81	35.24	37.64	39.67	41.72	44.01	45.89	47.69	49.61	51.12	52.77	54.31	55.81	56.77	57.46	57.79	57.92	57.97	57.99	58.00	58.00	58.00	57.67	56.60	55.53	54.25	52.86	51.22	49.44	47.69	45.96	43.90	41.97	39.74	37.39	35.15	32.66	30.42	28.00	25.55	23.06	20.62	17.95	15.21	12.83	10.28	7.54	4.71	2.02	-0.62	-3.36	-6.19	-9.09	-11.94	-14.57	-17.34	-20.21	-23.15	-26.09	-28.64	-31.30	-34.12	-37.02	-39.97	-42.93	-45.71	-48.40	-51.18	-54.05	-56.99	-59.96	-62.95	-65.84	-68.70	-71.58	-74.50	-77.46	-80.43	-83.42	-86.41	-89.37	-92.30	-95.25	-98.21	-101.19	-104.17	-107.17	-110.17	-113.15	-116.13	-118.92	-121.81	-124.76	-127.74	-130.74	-133.74	-136.73	-139.72	-143.00
	31.00	34.38	36.88	39.24	41.57	44.01	46.22	48.08	50.18	51.92	53.65	55.50	56.99	58.27	59.42	60.29	60.71	60.89	60.96	60.99	61.00	61.00	61.00	60.29	59.31	58.34	56.93	55.28	53.60	51.91	50.25	48.24	46.07	43.97	41.56	39.36	36.97	34.53	32.23	29.71	27.07	24.74	22.23	19.50	16.86	14.27	11.58	8.76	5.86	3.21	0.49	-2.33	-5.23	-8.17	-10.72	-13.36	-16.15	-19.05	-22.00	-24.78	-27.46	-30.22	-33.09	-36.02	-38.98	-41.96	-44.85	-47.69	-50.57	-53.49	-56.45	-59.43	-62.42	-65.38	-68.32	-71.26	-74.22	-77.20	-80.19	-83.18	-85.98	-88.87	-91.82	-94.78	-97.76	-100.75	-103.74	-106.74	-109.73	-112.73	-115.35	-118.06	-120.91	-123.84	-126.82	-129.81	-132.81	-135.80	-139.05	-143.00
	34.00	36.28	38.71	41.24	43.67	45.89	48.08	50.31	52.56	54.23	56.22	57.90	59.41	60.80	62.13	63.14	63.65	63.86	63.95	63.98	63.99	64.00	63.81	63.01	62.10	60.84	59.38	57.79	56.19	54.40	52.53	50.27	48.18	45.86	43.47	41.20	38.69	36.43	34.01	31.37	28.78	26.22	23.55	20.74	18.13	15.43	12.63	9.75	7.19	4.54	1.77	-1.11	-4.04	-6.81	-9.50	-12.25	-15.10	-18.03	-20.99	-23.88	-26.72	-29.59	-32.51	-35.46	-38.44	-41.43	-44.38	-47.32	-50.26	-53.03	-55.91	-58.87	-61.85	-64.83	-67.81	-70.78	-73.76	-76.75	-79.74	-82.36	-85.08	-87.93	-90.87	-93.84	-96.82	-99.81	-102.81	-105.81	-108.80	-111.62	-114.33	-117.12	-120.00	-122.94	-125.91	-128.90	-131.90	-134.90	-137.79	-140.00
	37.00	38.39	40.71	42.97	45.27	47.69	50.18	52.56	54.50	56.51	58.64	60.24	61.93	63.47	64.93	66.03	66.59	66.84	66.94	66.98	66.99	67.00	66.72	65.87	64.79	63.48	62.03	60.32	58.49	56.72	54.59	52.30	50.10	47.63	45.40	42.99	40.54	38.06	35.43	32.85	30.18	27.44	24.63	22.12	19.50	16.74	13.88	11.14	8.46	5.71	2.86	-0.06	-3.01	-5.89	-8.73	-11.60	-14.52	-17.47	-20.44	-23.40	-26.14	-28.99	-31.91	-34.87	-37.85	-40.85	-43.83	-46.81	-49.41	-52.11	-54.95	-57.89	-60.86	-63.85	-66.84	-69.83	-72.82	-75.81	-78.62	-81.34	-84.13	-87.01	-89.95	-92.92	-95.91	-98.90	-101.90	-104.90	-107.90	-110.80	-113.66	-116.54	-119.47	-122.43	-125.41	-128.40	-131.40	-134.40	-137.32	-140.00
	37.00	39.59	42.12	44.65	47.04	49.61	51.92	54.23	56.51	58.92	60.67	62.58	64.53	66.05	67.70	68.93	69.55	69.82	69.93	69.97	69.99	70.00	69.68	68.81	67.64	66.11	64.38	62.66	60.75	58.79	56.46	54.30	51.94	49.51	47.04	44.61	42.03	39.35	36.94	34.36	31.62	28.78	26.08	23.42	20.68	17.85	14.94	12.08	9.25	6.38	3.47	0.71	-2.17	-5.09	-8.01	-10.94	-13.90	-16.87	-19.86	-22.46	-25.15	-27.99	-30.91	-33.87	-36.86	-39.85	-42.84	-45.65	-48.36	-51.14	-54.01	-56.96	-59.93	-62.92	-65.91	-68.91	-71.91	-74.90	-77.81	-80.67	-83.55	-86.47	-89.43	-92.42	-95.41	-98.40	-101.40	-104.40	-107.40	-110.36	-113.30	-116.25	-119.21	-122.19	-125.18	-128.17	-131.17	-134.17	-137.13	-140.00
	37.00	40.69	43.66	46.10	48.62	51.12	53.65	56.22	58.64	60.67	62.73	65.01	66.84	68.60	70.47	71.63	72.41	72.77	72.91	72.97	72.99	73.00	72.67	71.60	70.12	68.53	66.87	64.85	62.95	60.74	58.41	56.17	53.67	51.05	48.73	46.22	43.53	40.92	38.33	35.62	32.79	29.89	27.05	24.23	21.56	18.74	15.83	12.91	9.99	7.05	4.47	1.78	-1.06	-3.98	-6.93	-9.90	-12.88	-15.86	-18.67	-21.38	-24.16	-27.03	-29.97	-32.94	-35.93	-38.92	-41.92	-44.82	-47.67	-50.55	-53.48	-56.44	-59.42	-62.41	-65.41	-68.40	-71.40	-74.40	-77.36	-80.31	-83.25	-86.21	-89.19	-92.18	-95.17	-98.17	-101.17	-104.17	-107.17	-110.15	-113.13	-116.11	-119.09	-122.08	-125.07	-128.07	-131.07	-134.07	-137.05	-140.00
	40.00	42.39	44.87	47.40	50.07	52.77	55.50	57.90	60.24	62.58	65.01	67.22	69.06	71.14	72.87	74.25	75.22	75.69	75.88	75.96	75.98	75.99	75.29	74.12	72.67	71.13	69.18	67.05	64.96	62.55	60.36	57.97	55.34	52.77	50.22	47.54	44.75	42.15	39.45	36.65	33.76	30.83	27.90	25.35	22.70	19.89	16.98	14.03	11.07	8.29	5.59	2.81	-0.06	-3.00	-5.96	-8.94	-11.93	-14.92	-17.83	-20.68	-23.56	-26.48	-29.44	-32.42	-35.41	-38.41	-41.41	-44.37	-47.31	-50.25	-53.21	-56.19	-59.18	-62.17	-65.17	-68.17	-71.17	-74.17	-77.15	-80.13	-83.11	-86.09	-89.08	-92.07	-95.07	-98.07	-101.07	-104.07	-107.07	-110.06	-113.05	-116.05	-119.04	-122.03	-125.03	-128.03	-131.03	-134.03	-137.02	-140.00
	40.00	43.25	45.97	48.68	51.47	54.31	56.99	59.41	61.93	64.53	66.84	69.06	71.30	73.55	75.21	76.86	78.03	78.61	78.85	78.94	78.98	78.81	78.01	76.82	75.22	73.45	71.23	69.16	66.85	64.47	62.01	59.41	56.84	54.17	51.44	48.63	46.12	43.51	40.75	37.88	34.96	32.00	29.22	26.54	23.78	20.92	17.99	15.02	12.04	9.15	6.30	3.43	0.50	-2.45	-5.43	-8.42	-11.41	-14.41	-17.37	-20.31	-23.26	-26.22	-29.19	-32.18	-35.17	-38.17	-41.17	-44.16	-47.13	-50.11	-53.09	-56.08	-59.07	-62.07	-65.07	-68.07	-71.07	-74.07	-77.06	-80.06	-83.05	-86.04	-89.03	-92.03	-95.03	-98.03	-101.03	-104.03	-107.03	-110.02	-113.02	-116.02	-119.02	-122.01	-125.01	-128.01	-131.01	-134.01	-137.01	-140.00
	43.00	44.77	47.28	50.04	52.90	55.81	58.27	60.80	63.47	66.05	68.60	71.14	73.55	75.49	77.51	79.48	80.67	81.44	81.78	81.92	81.97	81.71	80.68	79.19	77.58	75.53	73.28	71.09	68.63	66.02	63.34	60.93	58.35	55.61	52.78	50.08	47.42	44.69	41.85	38.94	35.99	33.01	30.12	27.28	24.41	21.49	18.54	15.56	12.57	9.62	6.68	3.74	0.78	-2.20	-5.18	-8.18	-11.17	-14.17	-17.16	-20.14	-23.11	-26.09	-29.08	-32.07	-35.07	-38.07	-41.07	-44.06	-47.06	-50.05	-53.04	-56.03	-59.03	-62.03	-65.03	-68.03	-71.03	-74.03	-77.02	-80.02	-83.02	-86.02	-89.01	-92.01	-95.01	-98.01	-101.01	-104.01	-107.01	-110.01	-113.01	-116.01	-119.01	-122.01	-125.00	-128.00	-131.00	-134.00	-137.00	-140.00
	43.00	45.53	48.25	51.10	54.01	56.77	59.42	62.13	64.93	67.70	70.47	72.87	75.21	77.51	79.92	81.62	83.15	84.19	84.68	84.88	84.96	84.29	83.15	81.52	79.69	77.41	75.28	72.93	70.32	67.57	64.93	62.33	59.61	56.79	53.89	51.05	48.23	45.37	42.46	39.52	36.55	33.56	30.61	27.67	24.73	21.77	18.80	15.81	12.82	9.84	6.86	3.89	0.90	-2.08	-5.08	-8.07	-11.07	-14.07	-17.06	-20.06	-23.05	-26.04	-29.03	-32.03	-35.03	-38.03	-41.03	-44.03	-47.02	-50.02	-53.02	-56.01	-59.01	-62.01	-65.01	-68.01	-71.01	-74.01	-77.01	-80.01	-83.01	-86.01	-89.01	-92.00	-95.00	-98.00	-101.00	-104.00	-107.00	-110.00	-113.00	-116.00	-119.00	-122.00	-125.00	-128.00	-131.00	-134.00	-137.00	-140.00
	43.00	45.84	48.71	51.63	54.58	57.46	60.29	63.14	66.03	68.93	71.63	74.25	76.86	79.48	81.62	83.69	85.64	86.95	87.58	87.84	87.76	87.00	85.45	83.76	81.66	79.37	76.97	74.38	71.64	68.79	65.98	63.18	60.33	57.44	54.50	51.57	48.64	45.71	42.76	39.79	36.81	33.82	30.83	27.86	24.88	21.90	18.92	15.92	12.93	9.93	6.94	3.95	0.96	-2.03	-5.03	-8.03	-11.03	-14.03	-17.03	-20.02	-23.02	-26.02	-29.01	-32.01	-35.01	-38.01	-41.01	-44.01	-47.01	-50.01	-53.01	-56.01	-59.00	-62.00	-65.00	-68.00	-71.00	-74.00	-77.00	-80.00	-83.00	-86.00	-89.00	-92.00	-95.00	-98.00	-101.00	-104.00	-107.00	-110.00	-113.00	-116.00	-119.00	-122.00	-125.00	-128.00	-131.00	-134.00	-137.00	-140.00
	43.00	45.95	48.90	51.86	54.84	57.79	60.71	63.65	66.59	69.55	72.41	75.22	78.03	80.67	83.15	85.64	87.91	89.42	90.35	90.75	90.63	89.47	87.72	85.62	83.21	80.64	77.98	75.21	72.36	69.44	66.53	63.62	60.70	57.75	54.78	51.81	48.84	45.87	42.90	39.91	36.92	33.92	30.93	27.94	24.95	21.96	18.97	15.97	12.97	9.97	6.98	3.98	0.98	-2.01	-5.01	-8.01	-11.01	-14.01	-17.01	-20.01	-23.01	-26.01	-29.01	-32.00	-35.00	-38.00	-41.00	-44.00	-47.00	-50.00	-53.00	-56.00	-59.00	-62.00	-65.00	-68.00	-71.00	-74.00	-77.00	-80.00	-83.00	-86.00	-89.00	-92.00	-95.00	-98.00	-101.00	-104.00	-107.00	-110.00	-113.00	-116.00	-119.00	-122.00	-125.00	-128.00	-131.00	-134.00	-137.00	-140.00
	43.00	45.98	48.96	51.95	54.94	57.92	60.89	63.86	66.84	69.82	72.77	75.69	78.61	81.44	84.19	86.95	89.42	91.44	92.71	93.49	92.93	91.34	89.20	86.75	84.10	81.34	78.51	75.63	72.71	69.76	66.80	63.83	60.87	57.89	54.91	51.92	48.93	45.95	42.96	39.96	36.97	33.97	30.97	27.98	24.98	21.98	18.99	15.99	12.99	9.99	6.99	3.99	0.99	-2.01	-5.00	-8.00	-11.00	-14.00	-17.00	-20.00	-23.00	-26.00	-29.00	-32.00	-35.00	-38.00	-41.00	-44.00	-47.00	-50.00	-53.00	-56.00	-59.00	-62.00	-65.00	-68.00	-71.00	-74.00	-77.00	-80.00	-83.00	-86.00	-89.00	-92.00	-95.00	-98.00	-101.00	-104.00	-107.00	-110.00	-113.00	-116.00	-119.00	-122.00	-125.00	-128.00	-131.00	-134.00	-137.00	-140.00
	43.00	45.99	48.99	51.98	54.98	57.97	60.96	63.95	66.94	69.93	72.91	75.88	78.85	81.78	84.68	87.58	90.35	92.71	94.62	95.06	94.23	92.39	90.00	87.35	84.56	81.68	78.77	75.83	72.87	69.89	66.91	63.93	60.94	57.95	54.96	51.97	48.97	45.98	42.98	39.98	36.99	33.99	30.99	27.99	24.99	21.99	18.99	16.00	13.00	10.00	7.00	4.00	1.00	-2.00	-5.00	-8.00	-11.00	-14.00	-17.00	-20.00	-23.00	-26.00	-29.00	-32.00	-35.00	-38.00	-41.00	-44.00	-47.00	-50.00	-53.00	-56.00	-59.00	-62.00	-65.00	-68.00	-71.00	-74.00	-77.00	-80.00	-83.00	-86.00	-89.00	-92.00	-95.00	-98.00	-101.00	-104.00	-107.00	-110.00	-113.00	-116.00	-119.00	-122.00	-125.00	-128.00	-131.00	-134.00	-137.00	-140.00
	43.00	46.00	49.00	51.99	54.99	57.99	60.99	63.98	66.98	69.97	72.97	75.96	78.94	81.92	84.88	87.84	90.75	93.49	95.06	95.42	94.51	92.75	90.34	87.63	84.77	81.85	78.89	75.92	72.94	69.96	66.96	63.97	60.98	57.98	54.98	51.99	48.99	45.99	42.99	39.99	36.99	34.00	31.00	28.00	25.00	22.00	19.00	16.00	13.00	10.00	7.00	4.00	1.00	-2.00	-5.00	-8.00	-11.00	-14.00	-17.00	-20.00	-23.00	-26.00	-29.00	-32.00	-35.00	-38.00	-41.00	-44.00	-47.00	-50.00	-53.00	-56.00	-59.00	-62.00	-65.00	-68.00	-71.00	-74.00	-77.00	-80.00	-83.00	-86.00	-89.00	-92.00	-95.00	-98.00	-101.00	-104.00	-107.00	-110.00	-113.00	-116.00	-119.00	-122.00	-125.00	-128.00	-131.00	-134.00	-137.00	-140.00
	43.00	46.00	49.00	52.00	55.00	58.00	61.00	63.99	66.99	69.99	72.99	75.98	78.98	81.97	84.96	87.76	90.63	92.93	94.23	94.51	93.93	92.40	90.10	87.40	84.72	81.87	78.93	75.96	72.97	69.98	66.98	63.99	60.99	57.99	54.99	51.99	49.00	46.00	43.00	40.00	37.00	34.00	31.00	28.00	25.00	22.00	19.00	16.00	13.00	10.00	7.00	4.00	1.00	-2.00	-5.00	-8.00	-11.00	-14.00	-17.00	-20.00	-23.00	-26.00	-29.00	-32.00	-35.00	-38.00	-41.00	-44.00	-47.00	-50.00	-53.00	-56.00	-59.00	-62.00	-65.00	-68.00	-71.00	-74.00	-77.00	-80.00	-83.00	-86.00	-89.00	-92.00	-95.00	-98.00	-101.00	-104.00	-107.00	-110.00	-113.00	-116.00	-119.00	-122.00	-125.00	-128.00	-131.00	-134.00	-137.00	-140.00
	43.00	46.00	49.00	52.00	55.00	58.00	61.00	64.00	67.00	70.00	73.00	75.99	78.81	81.71	84.29	87.00	89.47	91.34	92.39	92.75	92.40	91.07	88.86	86.76	84.27	81.51	78.60	75.82	72.93	69.97	66.99	63.99	61.00	58.00	55.00	52.00	49.00	46.00	43.00	40.00	37.00	34.00	31.00	28.00	25.00	22.00	19.00	16.00	13.00	10.00	7.00	4.00	1.00	-2.00	-5.00	-8.00	-11.00	-14.00	-17.00	-20.00	-23.00	-26.00	-29.00	-32.00	-35.00	-38.00	-41.00	-44.00	-47.00	-50.00	-53.00	-56.00	-59.00	-62.00	-65.00	-68.00	-71.00	-74.00	-77.00	-80.00	-83.00	-86.00	-89.00	-92.00	-95.00	-98.00	-101.00	-104.00	-107.00	-110.00	-113.00	-116.00	-119.00	-122.00	-125.00	-128.00	-131.00	-134.00	-137.00	-140.00
	43.00	46.00	49.00	52.00	55.00	58.00	61.00	63.81	66.72	69.68	72.67	75.29	78.01	80.68	83.15	85.45	87.72	89.20	90.00	90.34	90.10	88.86	87.47	85.49	83.03	80.46	78.03	75.39	72.56	69.63	66.65	63.66	60.85	57.95	54.98	51.99	49.00	46.00	43.00	40.00	37.00	34.00	31.00	28.00	25.00	22.00	19.00	16.00	13.00	10.00	7.00	4.00	1.00	-2.00	-5.00	-8.00	-11.00	-14.00	-17.00	-20.00	-23.00	-26.00	-29.00	-32.00	-35.00	-38.00	-41.00	-44.00	-47.00	-50.00	-53.00	-56.00	-59.00	-62.00	-65.00	-68.00	-71.00	-74.00	-77.00	-80.00	-83.00	-86.00	-89.00	-92.00	-95.00	-98.00	-101.00	-104.00	-107.00	-110.00	-113.00	-116.00	-119.00	-122.00	-125.00	-128.00	-131.00	-134.00	-137.00	-140.00
	43.00	46.00	48.81	51.72	54.68	57.67	60.29	63.01	65.87	68.81	71.60	74.12	76.82	79.19	81.52	83.76	85.62	86.75	87.35	87.63	87.40	86.76	85.49	83.46	81.51	79.30	76.85	74.17	71.52	68.68	65.74	63.14	60.43	57.57	54.63	51.65	48.66	45.85	42.95	39.98	36.99	34.00	31.00	28.00	25.00	22.00	19.00	16.00	13.00	10.00	7.00	4.00	1.00	-2.00	-5.00	-8.00	-11.00	-14.00	-17.00	-20.00	-23.00	-26.00	-29.00	-32.00	-35.00	-38.00	-41.00	-44.00	-47.00	-50.00	-53.00	-56.00	-59.00	-62.00	-65.00	-68.00	-71.00	-74.00	-77.00	-80.00	-83.00	-86.00	-89.00	-92.00	-95.00	-98.00	-101.00	-104.00	-107.00	-110.00	-113.00	-116.00	-119.00	-122.00	-125.00	-128.00	-131.00	-134.00	-137.00	-140.00
	43.00	45.44	48.06	50.89	53.82	56.60	59.31	62.10	64.79	67.64	70.12	72.67	75.22	77.58	79.69	81.66	83.21	84.10	84.56	84.77	84.72	84.27	83.03	81.51	79.70	77.44	75.06	72.77	70.21	67.42	64.69	62.19	59.51	56.67	53.73	50.76	48.15	45.43	42.57	39.63	36.66	33.66	30.67	27.67	24.85	21.95	18.98	15.99	13.00	10.00	7.00	4.00	1.00	-2.00	-5.00	-8.00	-11.00	-14.00	-17.00	-20.00	-23.00	-26.00	-29.00	-32.00	-35.00	-38.00	-41.00	-44.00	-47.00	-50.00	-53.00	-56.00	-59.00	-62.00	-65.00	-68.00	-71.00	-74.00	-77.00	-80.00	-83.00	-86.00	-89.00	-92.00	-95.00	-98.00	-101.00	-104.00	-107.00	-110.00	-113.00	-116.00	-119.00	-122.00	-125.00	-128.00	-131.00	-134.00	-137.00	-140.00
	43.00	44.69	47.21	50.01	52.75	55.53	58.34	60.84	63.48	66.11	68.53	71.13	73.45	75.53	77.41	79.37	80.64	81.34	81.68	81.85	81.87	81.51	80.46	79.30	77.44	75.44	73.43	71.11	68.51	65.89	63.53	61.03	58.31	55.45	52.51	49.91	47.30	44.55	41.68	38.74	35.76	32.77	29.78	27.15	24.43	21.57	18.63	15.66	12.66	9.67	6.67	3.85	0.95	-2.02	-5.01	-8.00	-11.00	-14.00	-17.00	-20.00	-23.00	-26.00	-29.00	-32.00	-35.00	-38.00	-41.00	-44.00	-47.00	-50.00	-53.00	-56.00	-59.00	-62.00	-65.00	-68.00	-71.00	-74.00	-77.00	-80.00	-83.00	-86.00	-89.00	-92.00	-95.00	-98.00	-101.00	-104.00	-107.00	-110.00	-113.00	-116.00	-119.00	-122.00	-125.00	-128.00	-131.00	-134.00	-137.00	-140.00
	40.00	43.34	46.25	48.78	51.44	54.25	56.93	59.38	62.03	64.38	66.87	69.18	71.23	73.28	75.28	76.97	77.98	78.51	78.77	78.89	78.93	78.60	78.03	76.85	75.06	73.43	71.36	68.92	66.79	64.50	62.07	59.44	56.83	54.03	51.49	48.90	46.20	43.38	40.47	37.71	34.82	31.87	29.07	26.36	23.57	20.69	17.74	14.76	11.77	8.78	6.15	3.43	0.57	-2.37	-5.34	-8.34	-11.33	-14.33	-17.33	-20.33	-23.15	-26.05	-29.02	-32.01	-35.00	-38.00	-41.00	-44.00	-47.00	-50.00	-53.00	-56.00	-59.00	-62.00	-65.00	-68.00	-71.00	-74.00	-77.00	-80.00	-83.00	-86.00	-89.00	-92.00	-95.00	-98.00	-101.00	-104.00	-107.00	-110.00	-113.00	-116.00	-119.00	-122.00	-125.00	-128.00	-131.00	-134.00	-137.00	-140.00
	40.00	42.27	44.89	47.54	50.10	52.86	55.28	57.79	60.32	62.66	64.85	67.05	69.16	71.09	72.93	74.38	75.21	75.63	75.83	75.92	75.96	75.82	75.39	74.17	72.77	71.11	68.92	67.11	65.00	62.59	60.17	57.88	55.33	52.75	50.13	47.60	44.88	42.03	39.48	36.80	33.96	31.02	28.14	25.29	22.60	19.77	16.84	13.87	10.88	8.07	5.36	2.57	-0.31	-3.26	-6.24	-9.23	-12.22	-15.22	-18.22	-20.85	-23.57	-26.43	-29.37	-32.34	-35.34	-38.33	-41.33	-44.33	-47.33	-50.15	-53.05	-56.02	-59.01	-62.00	-65.00	-68.00	-71.00	-74.00	-77.00	-80.00	-83.00	-86.00	-89.00	-92.00	-95.00	-98.00	-101.00	-104.00	-107.00	-110.00	-113.00	-116.00	-119.00	-122.00	-125.00	-128.00	-131.00	-134.00	-137.00	-140.00
	37.00	40.59	43.57	46.04	48.63	51.22	53.60	56.19	58.49	60.75	62.95	64.96	66.85	68.63	70.32	71.64	72.36	72.71	72.87	72.94	72.97	72.93	72.56	71.52	70.21	68.51	66.79	65.00	62.76	60.77	58.59	56.20	53.57	51.04	48.74	46.22	43.48	40.80	38.33	35.66	32.82	29.90	26.96	24.41	21.75	18.93	16.01	13.04	10.05	7.34	4.58	1.73	-1.19	-4.14	-7.12	-10.12	-13.11	-16.11	-18.92	-21.64	-24.43	-27.31	-30.26	-33.24	-36.23	-39.22	-42.22	-45.22	-47.85	-50.57	-53.43	-56.37	-59.34	-62.34	-65.33	-68.33	-71.33	-74.33	-77.33	-80.33	-83.15	-86.05	-89.02	-92.01	-95.00	-98.00	-101.00	-104.00	-107.00	-110.00	-113.00	-116.00	-119.00	-122.00	-125.00	-128.00	-131.00	-134.00	-137.00	-140.00
	37.00	39.55	42.12	44.50	47.11	49.44	51.91	54.40	56.72	58.79	60.74	62.55	64.47	66.02	67.57	68.79	69.44	69.76	69.89	69.96	69.98	69.97	69.63	68.68	67.42	65.89	64.50	62.59	60.77	58.85	56.57	54.20	51.93	49.60	47.16	44.52	41.91	39.57	37.07	34.37	31.51	28.58	25.99	23.40	20.67	17.82	14.89	11.92	9.31	6.63	3.83	0.95	-1.99	-4.96	-7.95	-10.76	-13.66	-16.62	-19.52	-22.37	-25.25	-28.18	-31.14	-34.12	-37.12	-40.11	-43.11	-45.92	-48.64	-51.43	-54.31	-57.26	-60.24	-63.23	-66.22	-69.22	-72.22	-75.22	-78.22	-80.85	-83.57	-86.43	-89.37	-92.34	-95.34	-98.33	-101.33	-104.33	-107.33	-110.33	-113.33	-116.15	-119.05	-122.02	-125.01	-128.00	-131.00	-134.00	-137.00	-140.00
	37.00	38.51	40.52	42.90	45.37	47.69	50.25	52.53	54.59	56.46	58.41	60.36	62.01	63.34	64.93	65.98	66.53	66.80	66.91	66.96	66.98	66.99	66.65	65.74	64.69	63.53	62.07	60.17	58.59	56.57	54.51	52.49	50.18	47.68	45.23	42.92	40.56	38.09	35.46	32.85	30.06	27.52	24.93	22.23	19.42	16.53	13.77	11.07	8.40	5.64	2.78	-0.14	-3.10	-6.08	-8.69	-11.40	-14.26	-17.20	-20.15	-23.08	-26.02	-28.79	-31.68	-34.63	-37.61	-40.61	-43.61	-46.51	-49.37	-52.25	-55.18	-58.14	-61.12	-64.12	-67.11	-70.11	-73.11	-76.11	-78.92	-81.64	-84.43	-87.31	-90.26	-93.24	-96.23	-99.22	-102.22	-105.22	-108.22	-111.22	-113.85	-116.57	-119.43	-122.37	-125.34	-128.34	-131.33	-134.33	-137.33	-140.00
	34.00	36.45	38.73	41.25	43.52	45.96	48.24	50.27	52.30	54.30	56.17	57.97	59.41	60.93	62.33	63.18	63.62	63.83	63.93	63.97	63.99	63.99	63.66	63.14	62.19	61.03	59.44	57.88	56.20	54.20	52.49	50.40	47.95	45.86	43.64	41.23	38.68	36.20	33.90	31.35	28.76	26.14	23.61	20.90	18.05	15.50	12.82	10.08	7.28	4.43	1.52	-1.24	-4.12	-6.89	-9.59	-12.37	-15.25	-18.19	-21.16	-24.13	-26.73	-29.43	-32.27	-35.21	-38.18	-41.17	-44.17	-47.13	-49.89	-52.74	-55.67	-58.63	-61.62	-64.61	-67.61	-70.61	-73.61	-76.61	-79.51	-82.37	-85.25	-88.18	-91.14	-94.12	-97.12	-100.11	-103.11	-106.11	-109.11	-111.92	-114.64	-117.43	-120.31	-123.26	-126.24	-129.23	-132.22	-135.22	-137.97	-140.00
	31.00	34.23	36.89	39.41	41.73	43.90	46.07	48.18	50.10	51.94	53.67	55.34	56.84	58.35	59.61	60.33	60.70	60.87	60.94	60.98	60.99	61.00	60.85	60.43	59.51	58.31	56.83	55.33	53.57	51.93	50.18	47.95	46.13	44.02	41.64	39.23	36.98	34.67	32.23	29.58	27.05	24.74	22.22	19.48	16.80	14.15	11.57	8.83	5.99	3.08	0.51	-2.18	-5.02	-7.86	-10.69	-13.57	-16.30	-19.17	-22.11	-24.90	-27.60	-30.38	-33.26	-36.20	-39.17	-42.16	-45.16	-47.77	-50.47	-53.30	-56.23	-59.19	-62.18	-65.17	-68.17	-70.98	-73.89	-76.85	-79.81	-82.74	-85.69	-88.65	-91.63	-94.61	-97.61	-100.61	-103.61	-106.61	-109.61	-112.51	-115.37	-118.25	-121.18	-124.14	-127.12	-130.12	-133.11	-136.11	-139.22	-143.00
	31.00	32.75	35.25	37.53	39.78	41.97	43.97	45.86	47.63	49.51	51.05	52.77	54.17	55.61	56.79	57.44	57.75	57.89	57.95	57.98	57.99	58.00	57.95	57.57	56.67	55.45	54.03	52.75	51.04	49.60	47.68	45.86	44.02	41.77	39.79	37.62	35.24	32.72	30.26	27.95	25.61	23.16	20.52	17.91	15.20	12.80	10.23	7.47	4.59	1.84	-0.65	-3.33	-6.17	-9.06	-11.97	-14.53	-17.21	-20.04	-22.97	-25.85	-28.69	-31.38	-34.21	-37.14	-40.10	-43.09	-45.90	-48.61	-51.39	-54.27	-57.21	-60.18	-63.16	-66.16	-68.78	-71.50	-74.36	-77.30	-80.27	-83.24	-86.21	-89.19	-92.18	-94.99	-97.89	-100.85	-103.84	-106.84	-109.84	-112.80	-115.74	-118.69	-121.65	-124.63	-127.61	-130.61	-133.61	-136.61	-139.69	-143.00
	28.00	30.90	33.24	35.65	37.77	39.74	41.56	43.47	45.40	47.04	48.73	50.22	51.44	52.78	53.89	54.50	54.78	54.91	54.96	54.98	54.99	55.00	54.98	54.63	53.73	52.51	51.49	50.13	48.74	47.16	45.23	43.64	41.64	39.79	37.86	35.58	33.03	30.89	28.66	26.24	23.70	21.23	18.93	16.37	13.81	11.25	8.74	6.01	3.13	0.66	-1.89	-4.62	-7.48	-10.41	-12.98	-15.57	-18.31	-21.16	-24.10	-27.03	-29.59	-32.25	-35.07	-37.98	-40.95	-43.94	-46.65	-49.41	-52.26	-55.17	-58.12	-61.10	-64.09	-66.90	-69.62	-72.41	-75.29	-78.23	-81.21	-84.19	-87.18	-90.17	-92.79	-95.50	-98.36	-101.30	-104.28	-107.27	-110.27	-113.26	-116.23	-119.02	-121.91	-124.86	-127.85	-130.84	-133.84	-136.84	-139.87	-143.00
	28.00	29.24	31.36	33.49	35.42	37.39	39.36	41.20	42.99	44.61	46.22	47.54	48.63	50.08	51.05	51.57	51.81	51.92	51.97	51.99	51.99	52.00	51.99	51.65	50.76	49.91	48.90	47.60	46.22	44.52	42.92	41.23	39.23	37.62	35.58	33.14	31.21	29.06	26.65	24.24	21.99	19.68	17.24	14.59	12.07	9.78	7.27	4.53	1.84	-0.60	-3.22	-6.00	-8.89	-11.46	-14.05	-16.75	-19.57	-22.47	-25.23	-27.91	-30.56	-33.31	-36.17	-39.10	-42.07	-44.69	-47.37	-50.16	-53.05	-55.99	-58.96	-61.94	-64.75	-67.56	-70.38	-73.25	-76.17	-79.13	-82.11	-85.10	-88.10	-90.90	-93.62	-96.41	-99.29	-102.23	-105.21	-108.20	-111.20	-114.19	-116.81	-119.52	-122.37	-125.31	-128.28	-131.27	-134.27	-137.27	-140.28	-143.00
	25.00	27.06	29.10	31.21	33.26	35.15	36.97	38.69	40.54	42.03	43.53	44.75	46.12	47.42	48.23	48.64	48.84	48.93	48.97	48.99	49.00	49.00	49.00	48.66	48.15	47.30	46.20	44.88	43.48	41.91	40.56	38.68	36.98	35.24	33.03	31.21	29.19	26.84	24.81	22.63	20.24	17.72	15.26	12.95	10.62	8.18	5.54	2.93	0.59	-1.90	-4.59	-7.42	-10.15	-12.64	-15.28	-18.06	-20.93	-23.49	-26.17	-28.92	-31.70	-34.55	-37.46	-40.23	-42.93	-45.60	-48.36	-51.22	-54.14	-57.09	-60.07	-62.69	-65.40	-68.22	-71.11	-74.03	-76.98	-79.96	-82.76	-85.66	-88.62	-91.51	-94.36	-97.25	-100.17	-103.13	-106.11	-109.11	-112.10	-114.91	-117.63	-120.41	-123.29	-126.24	-129.21	-132.20	-135.20	-138.20	-140.95	-143.00
	22.00	24.81	27.05	29.03	30.90	32.66	34.53	36.43	38.06	39.35	40.92	42.15	43.51	44.69	45.37	45.71	45.87	45.95	45.98	45.99	46.00	46.00	46.00	45.85	45.43	44.55	43.38	42.03	40.80	39.57	38.09	36.20	34.67	32.72	30.89	29.06	26.84	25.06	22.99	20.62	18.05	15.90	13.66	11.24	8.70	6.24	3.93	1.56	-0.90	-3.53	-6.13	-8.92	-11.36	-13.89	-16.61	-19.45	-22.17	-24.66	-27.33	-30.13	-33.00	-35.91	-38.48	-41.17	-43.92	-46.72	-49.57	-52.48	-55.24	-58.12	-60.89	-63.59	-66.37	-69.24	-72.16	-75.11	-78.09	-80.70	-83.41	-86.26	-89.20	-92.14	-95.08	-98.02	-100.98	-103.77	-106.66	-109.62	-112.61	-115.51	-118.37	-121.25	-124.17	-127.13	-130.11	-133.11	-136.10	-139.10	-142.21	-146.00
	22.00	23.18	24.88	26.61	28.50	30.42	32.23	34.01	35.43	36.94	38.33	39.45	40.75	41.85	42.46	42.76	42.90	42.96	42.98	42.99	43.00	43.00	43.00	42.95	42.57	41.68	40.47	39.48	38.33	37.07	35.46	33.90	32.23	30.26	28.66	26.65	24.81	22.99	20.75	18.21	16.24	14.07	11.66	9.24	6.99	4.69	2.25	-0.31	-2.79	-5.10	-7.65	-10.23	-12.82	-15.32	-18.03	-20.89	-23.35	-25.90	-28.62	-31.47	-34.38	-36.96	-39.55	-42.29	-45.12	-48.00	-50.91	-53.49	-56.18	-59.02	-61.86	-64.69	-67.57	-70.30	-73.16	-76.09	-78.88	-81.59	-84.37	-87.25	-90.19	-93.16	-96.13	-99.10	-101.71	-104.41	-107.27	-110.20	-113.18	-116.14	-119.07	-122.02	-124.79	-127.68	-130.63	-133.61	-136.60	-139.60	-142.68	-146.00
	19.00	20.65	22.49	24.40	26.22	28.00	29.71	31.37	32.85	34.36	35.62	36.65	37.88	38.94	39.52	39.79	39.91	39.96	39.98	39.99	40.00	40.00	40.00	39.98	39.63	38.74	37.71	36.80	35.66	34.37	32.85	31.35	29.58	27.95	26.24	24.24	22.63	20.62	18.21	16.29	14.22	11.85	9.82	7.63	5.25	2.73	0.26	-2.01	-4.32	-6.77	-9.42	-11.95	-14.24	-16.75	-19.49	-22.17	-24.80	-27.31	-30.04	-32.90	-35.46	-38.05	-40.75	-43.56	-46.45	-49.19	-51.86	-54.52	-57.28	-60.15	-63.05	-65.97	-68.53	-71.21	-74.04	-76.96	-79.84	-82.69	-85.38	-88.21	-91.13	-94.10	-97.08	-99.88	-102.59	-105.37	-108.25	-111.19	-114.17	-117.15	-120.12	-122.72	-125.42	-128.27	-131.21	-134.18	-137.17	-140.17	-143.21	-146.00
	16.00	18.19	20.14	21.97	23.69	25.55	27.07	28.78	30.18	31.62	32.79	33.76	34.96	35.99	36.55	36.81	36.92	36.97	36.99	36.99	37.00	37.00	37.00	36.99	36.66	35.76	34.82	33.96	32.82	31.51	30.06	28.76	27.05	25.61	23.70	21.99	20.24	18.05	16.24	14.22	11.91	10.08	8.00	5.63	3.23	0.99	-1.31	-3.73	-6.27	-8.74	-11.05	-13.39	-15.83	-18.47	-21.08	-23.79	-26.18	-28.73	-31.48	-34.17	-36.84	-39.38	-42.09	-44.94	-47.49	-50.16	-52.90	-55.69	-58.54	-61.45	-64.21	-66.89	-69.54	-72.29	-75.16	-78.10	-81.03	-83.59	-86.25	-89.07	-91.98	-94.95	-97.93	-100.83	-103.50	-106.28	-109.17	-112.12	-115.10	-118.09	-120.89	-123.60	-126.38	-129.25	-132.20	-135.17	-138.16	-141.16	-143.74	-146.00
	13.00	15.66	17.60	19.51	21.43	23.06	24.74	26.22	27.44	28.78	29.89	30.83	32.00	33.01	33.56	33.82	33.92	33.97	33.99	34.00	34.00	34.00	34.00	34.00	33.66	32.77	31.87	31.02	29.90	28.58	27.52	26.14	24.74	23.16	21.23	19.68	17.72	15.90	14.07	11.85	10.08	8.11	5.80	3.79	1.62	-0.76	-3.27	-5.73	-8.00	-10.30	-12.75	-15.29	-17.76	-20.07	-22.63	-25.18	-27.75	-30.25	-32.97	-35.75	-38.18	-40.75	-43.50	-46.19	-48.85	-51.42	-54.16	-57.00	-59.91	-62.48	-65.16	-67.91	-70.69	-73.54	-76.46	-79.22	-81.91	-84.56	-87.31	-90.17	-93.10	-96.07	-99.06	-101.64	-104.30	-107.10	-110.01	-112.96	-115.94	-118.93	-121.65	-124.41	-127.25	-130.16	-133.12	-136.10	-139.09	-141.90	-144.31	-146.00
	13.00	13.86	15.51	17.26	19.02	20.62	22.23	23.55	24.63	26.08	27.05	27.90	29.22	30.12	30.61	30.83	30.93	30.97	30.99	31.00	31.00	31.00	31.00	31.00	30.67	29.78	29.07	28.14	26.96	25.99	24.93	23.61	22.22	20.52	18.93	17.24	15.26	13.66	11.66	9.82	8.00	5.80	4.04	1.98	-0.38	-2.96	-5.10	-7.34	-9.74	-12.27	-14.73	-17.00	-19.31	-21.75	-24.41	-26.93	-29.22	-31.72	-34.46	-37.12	-39.73	-42.25	-44.98	-47.76	-50.19	-52.77	-55.53	-58.40	-61.15	-63.65	-66.32	-69.12	-71.99	-74.91	-77.48	-80.17	-82.92	-85.70	-88.55	-91.46	-94.23	-97.11	-99.88	-102.57	-105.33	-108.19	-111.12	-114.08	-117.07	-119.68	-122.36	-125.16	-128.05	-130.98	-133.95	-136.94	-139.75	-142.56	-145.44	-149.00
	10.00	11.49	13.11	14.75	16.38	17.95	19.50	20.74	22.12	23.42	24.23	25.35	26.54	27.28	27.67	27.86	27.94	27.98	27.99	28.00	28.00	28.00	28.00	28.00	27.67	27.15	26.36	25.29	24.41	23.40	22.23	20.90	19.48	17.91	16.37	14.59	12.95	11.24	9.24	7.63	5.63	3.79	1.98	-0.25	-2.79	-4.76	-6.93	-9.34	-11.75	-14.00	-16.30	-18.73	-21.27	-23.73	-26.05	-28.38	-30.82	-33.45	-36.07	-38.77	-41.16	-43.70	-46.46	-49.12	-51.54	-54.16	-56.95	-59.85	-62.34	-64.89	-67.62	-70.47	-73.38	-75.96	-78.55	-81.29	-84.12	-86.99	-89.91	-92.48	-95.17	-98.02	-100.86	-103.69	-106.55	-109.28	-112.14	-115.08	-117.87	-120.58	-123.35	-126.21	-129.13	-132.09	-135.07	-137.69	-140.40	-143.22	-146.16	-149.00
	7.00	8.75	10.59	12.09	13.79	15.21	16.86	18.13	19.50	20.68	21.56	22.70	23.78	24.41	24.73	24.88	24.95	24.98	24.99	25.00	25.00	25.00	25.00	25.00	24.85	24.43	23.57	22.60	21.75	20.67	19.42	18.05	16.80	15.20	13.81	12.07	10.62	8.70	6.99	5.25	3.23	1.62	-0.38	-2.79	-4.71	-6.78	-9.15	-11.18	-13.37	-15.75	-18.27	-20.73	-22.99	-25.30	-27.74	-30.29	-32.76	-35.07	-37.62	-40.18	-42.74	-45.24	-47.96	-50.36	-52.86	-55.56	-58.40	-61.13	-63.59	-66.21	-69.00	-71.89	-74.45	-77.04	-79.75	-82.56	-85.45	-88.19	-90.86	-93.52	-96.28	-99.15	-102.05	-104.97	-107.53	-110.20	-113.03	-115.96	-118.84	-121.68	-124.37	-127.20	-130.11	-133.07	-135.87	-138.58	-141.37	-144.24	-146.93	-149.00
	4.00	6.22	7.99	9.72	11.22	12.83	14.27	15.43	16.74	17.85	18.74	19.89	20.92	21.49	21.77	21.90	21.96	21.98	21.99	22.00	22.00	22.00	22.00	22.00	21.95	21.57	20.69	19.77	18.93	17.82	16.53	15.50	14.15	12.80	11.25	9.78	8.18	6.24	4.69	2.73	0.99	-0.76	-2.96	-4.76	-6.78	-9.09	-10.92	-13.00	-15.37	-17.95	-20.10	-22.34	-24.74	-27.27	-29.73	-32.00	-34.31	-36.75	-39.41	-41.93	-44.21	-46.72	-49.27	-51.83	-54.50	-57.11	-59.91	-62.35	-64.88	-67.58	-70.42	-73.15	-75.64	-78.28	-81.06	-83.93	-86.48	-89.16	-91.90	-94.69	-97.54	-100.45	-103.21	-105.89	-108.54	-111.29	-114.16	-117.09	-120.03	-122.59	-125.24	-128.06	-130.98	-133.94	-136.83	-139.50	-142.28	-145.17	-148.22	-152.00
	1.00	3.67	5.52	7.20	8.72	10.28	11.58	12.63	13.88	14.94	15.83	16.98	17.99	18.54	18.80	18.92	18.97	18.99	18.99	19.00	19.00	19.00	19.00	19.00	18.98	18.63	17.74	16.84	16.01	14.89	13.77	12.82	11.57	10.23	8.74	7.27	5.54	3.93	2.25	0.26	-1.31	-3.27	-5.10	-6.93	-9.15	-10.92	-12.89	-15.20	-17.77	-19.76	-21.93	-24.34	-26.75	-29.00	-31.30	-33.73	-36.27	-38.73	-41.04	-43.38	-45.82	-48.45	-50.97	-53.63	-56.03	-58.62	-61.22	-63.81	-66.31	-69.02	-71.88	-74.34	-76.89	-79.60	-82.44	-85.17	-87.65	-90.32	-93.12	-95.99	-98.90	-101.48	-104.16	-106.91	-109.69	-112.54	-115.46	-118.22	-120.91	-123.56	-126.31	-129.17	-132.10	-135.07	-137.65	-140.30	-143.10	-146.00	-149.04	-152.00
	1.00	1.86	3.11	4.55	6.03	7.54	8.76	9.75	11.14	12.08	12.91	14.03	15.02	15.56	15.81	15.92	15.97	15.99	16.00	16.00	16.00	16.00	16.00	16.00	15.99	15.66	14.76	13.87	13.04	11.92	11.07	10.08	8.83	7.47	6.01	4.53	2.93	1.56	-0.31	-2.01	-3.73	-5.73	-7.34	-9.34	-11.18	-13.00	-15.20	-17.71	-19.68	-21.77	-24.14	-26.18	-28.37	-30.75	-33.27	-35.73	-37.99	-40.30	-42.74	-45.29	-47.76	-50.07	-52.59	-55.12	-57.68	-60.20	-62.85	-65.20	-67.74	-70.48	-73.17	-75.79	-78.31	-81.03	-83.89	-86.35	-88.90	-91.62	-94.47	-97.38	-99.96	-102.55	-105.29	-108.11	-110.99	-113.90	-116.48	-119.17	-121.92	-124.70	-127.55	-130.46	-133.23	-135.92	-138.59	-141.34	-144.19	-147.12	-149.87	-152.00
	-2.00	-0.69	0.44	1.95	3.29	4.71	5.86	7.19	8.46	9.25	9.99	11.07	12.04	12.57	12.82	12.93	12.97	12.99	13.00	13.00	13.00	13.00	13.00	13.00	13.00	12.66	11.77	10.88	10.05	9.31	8.40	7.28	5.99	4.59	3.13	1.84	0.59	-0.90	-2.79	-4.32	-6.27	-8.00	-9.74	-11.75	-13.37	-15.37	-17.77	-19.68	-21.75	-24.08	-25.91	-28.00	-30.37	-32.95	-35.10	-37.34	-39.74	-42.27	-44.73	-47.00	-49.31	-51.75	-54.39	-56.91	-59.19	-61.70	-64.22	-66.76	-69.25	-71.98	-74.75	-77.17	-79.73	-82.48	-85.17	-87.80	-90.31	-93.04	-95.90	-98.45	-101.04	-103.75	-106.56	-109.45	-112.38	-114.95	-117.55	-120.29	-123.12	-125.99	-128.91	-131.48	-134.17	-136.92	-139.71	-142.56	-145.47	-148.23	-151.23	-155.00
	-5.00	-3.53	-2.03	-0.66	0.51	2.02	3.21	4.54	5.71	6.38	7.05	8.29	9.15	9.62	9.84	9.93	9.97	9.99	10.00	10.00	10.00	10.00	10.00	10.00	10.00	9.67	8.78	8.07	7.34	6.63	5.64	4.43	3.08	1.84	0.66	-0.60	-1.90	-3.53	-5.10	-6.77	-8.74	-10.30	-12.27	-14.00	-15.75	-17.95	-19.76	-21.77	-24.08	-25.89	-27.88	-30.20	-32.58	-34.66	-36.90	-39.33	-41.75	-44.00	-46.30	-48.73	-51.27	-53.73	-56.04	-58.37	-60.81	-63.45	-65.96	-68.23	-70.73	-73.46	-76.12	-78.72	-81.24	-83.97	-86.75	-89.17	-91.73	-94.48	-97.17	-99.83	-102.38	-105.09	-107.94	-110.86	-113.44	-116.04	-118.74	-121.56	-124.45	-127.19	-129.86	-132.52	-135.28	-138.11	-140.99	-143.91	-146.48	-149.17	-152.10	-155.00
	-8.00	-6.29	-4.68	-3.39	-1.96	-0.62	0.49	1.77	2.86	3.47	4.47	5.59	6.30	6.68	6.86	6.94	6.98	6.99	7.00	7.00	7.00	7.00	7.00	7.00	7.00	6.67	6.15	5.36	4.58	3.83	2.78	1.52	0.51	-0.65	-1.89	-3.22	-4.59	-6.13	-7.65	-9.42	-11.05	-12.75	-14.73	-16.30	-18.27	-20.10	-21.93	-24.14	-25.91	-27.88	-30.15	-32.13	-34.30	-36.59	-39.07	-41.16	-43.36	-45.75	-48.27	-50.73	-52.99	-55.30	-57.74	-60.29	-62.76	-65.06	-67.39	-69.83	-72.46	-75.07	-77.77	-80.15	-82.70	-85.45	-88.11	-90.72	-93.24	-95.97	-98.75	-101.18	-103.75	-106.50	-109.38	-112.13	-114.63	-117.28	-120.06	-122.93	-125.48	-128.16	-130.90	-133.69	-136.54	-139.44	-142.19	-144.86	-147.52	-150.28	-152.93	-155.00
	-11.00	-9.17	-7.51	-6.07	-4.59	-3.36	-2.33	-1.11	-0.06	0.71	1.78	2.81	3.43	3.74	3.89	3.95	3.98	3.99	4.00	4.00	4.00	4.00	4.00	4.00	4.00	3.85	3.43	2.57	1.73	0.95	-0.14	-1.24	-2.18	-3.33	-4.62	-6.00	-7.42	-8.92	-10.23	-11.95	-13.39	-15.29	-17.00	-18.73	-20.73	-22.34	-24.34	-26.18	-28.00	-30.20	-32.13	-34.09	-36.38	-38.90	-40.83	-42.97	-45.36	-47.76	-50.01	-52.30	-54.73	-57.26	-59.73	-62.00	-64.31	-66.75	-69.30	-71.76	-74.07	-76.62	-79.18	-81.74	-84.23	-86.96	-89.73	-92.14	-94.70	-97.45	-100.11	-102.54	-105.15	-107.95	-110.84	-113.33	-115.88	-118.60	-121.44	-124.17	-126.65	-129.32	-132.12	-134.99	-137.90	-140.47	-143.16	-145.90	-148.69	-151.54	-154.57	-158.00
	-14.00	-11.94	-10.16	-8.78	-7.36	-6.19	-5.23	-4.04	-3.01	-2.17	-1.06	-0.06	0.50	0.78	0.90	0.96	0.98	0.99	1.00	1.00	1.00	1.00	1.00	1.00	1.00	0.95	0.57	-0.31	-1.19	-1.99	-3.10	-4.12	-5.02	-6.17	-7.48	-8.89	-10.15	-11.36	-12.82	-14.24	-15.83	-17.76	-19.31	-21.27	-22.99	-24.74	-26.75	-28.37	-30.37	-32.58	-34.30	-36.38	-38.84	-40.76	-42.81	-45.17	-47.19	-49.38	-51.75	-54.27	-56.73	-58.99	-61.30	-63.73	-66.27	-68.73	-71.01	-73.31	-75.75	-78.41	-80.93	-83.21	-85.72	-88.46	-91.11	-93.71	-96.23	-98.96	-101.36	-103.86	-106.56	-109.40	-112.13	-114.59	-117.21	-119.99	-122.88	-125.35	-127.89	-130.62	-133.47	-136.38	-138.96	-141.55	-144.29	-147.11	-149.99	-152.90	-155.50	-158.00
	-14.00	-13.66	-12.58	-11.49	-10.19	-9.09	-8.17	-6.81	-5.89	-5.09	-3.98	-3.00	-2.45	-2.20	-2.08	-2.03	-2.01	-2.01	-2.00	-2.00	-2.00	-2.00	-2.00	-2.00	-2.00	-2.02	-2.37	-3.26	-4.14	-4.96	-6.08	-6.89	-7.86	-9.06	-10.41	-11.46	-12.64	-13.89	-15.32	-16.75	-18.47	-20.07	-21.75	-23.73	-25.30	-27.27	-29.00	-30.75	-32.95	-34.66	-36.59	-38.90	-40.76	-42.79	-45.11	-46.93	-49.01	-51.38	-53.95	-56.10	-58.34	-60.74	-63.27	-65.73	-67.99	-70.30	-72.73	-75.27	-77.73	-80.04	-82.38	-84.82	-87.45	-90.07	-92.77	-95.15	-97.70	-100.26	-102.83	-105.31	-108.02	-110.87	-113.34	-115.87	-118.58	-121.42	-124.15	-126.60	-129.22	-132.00	-134.89	-137.45	-140.04	-142.74	-145.56	-148.45	-151.37	-153.95	-156.27	-158.00
	-17.00	-16.17	-15.22	-14.28	-12.89	-11.94	-10.72	-9.50	-8.73	-8.01	-6.93	-5.96	-5.43	-5.18	-5.08	-5.03	-5.01	-5.00	-5.00	-5.00	-5.00	-5.00	-5.00	-5.00	-5.00	-5.01	-5.34	-6.24	-7.12	-7.95	-8.69	-9.59	-10.69	-11.97	-12.98	-14.05	-15.28	-16.61	-18.03	-19.49	-21.08	-22.63	-24.41	-26.05	-27.74	-29.73	-31.30	-33.27	-35.10	-36.90	-39.07	-40.83	-42.81	-45.11	-46.91	-48.89	-51.20	-53.77	-55.76	-57.93	-60.34	-62.75	-65.00	-67.30	-69.73	-72.26	-74.73	-76.99	-79.30	-81.74	-84.29	-86.76	-89.07	-91.62	-94.18	-96.73	-99.23	-101.87	-104.21	-106.74	-109.48	-112.16	-114.79	-117.30	-120.02	-122.88	-125.34	-127.88	-130.58	-133.42	-136.15	-138.64	-141.28	-144.06	-146.93	-149.86	-152.44	-155.04	-157.81	-161.00
	-20.00	-18.98	-18.04	-16.79	-15.54	-14.57	-13.36	-12.25	-11.60	-10.94	-9.90	-8.94	-8.42	-8.18	-8.07	-8.03	-8.01	-8.00	-8.00	-8.00	-8.00	-8.00	-8.00	-8.00	-8.00	-8.00	-8.34	-9.23	-10.12	-10.76	-11.40	-12.37	-13.57	-14.53	-15.57	-16.75	-18.06	-19.45	-20.89	-22.17	-23.79	-25.18	-26.93	-28.38	-30.29	-32.00	-33.73	-35.73	-37.34	-39.33	-41.16	-42.97	-45.17	-46.93	-48.89	-51.16	-53.70	-55.68	-57.77	-60.14	-62.18	-64.37	-66.75	-69.27	-71.73	-73.99	-76.30	-78.73	-81.26	-83.73	-86.00	-88.31	-90.75	-93.41	-95.93	-98.21	-100.72	-103.23	-105.77	-108.44	-111.07	-113.79	-116.18	-118.73	-121.48	-124.17	-126.79	-129.31	-132.02	-134.88	-137.34	-139.89	-142.60	-145.44	-148.36	-150.94	-153.53	-156.24	-158.85	-161.00
	-23.00	-21.73	-20.69	-19.42	-18.28	-17.34	-16.15	-15.10	-14.52	-13.90	-12.88	-11.93	-11.41	-11.17	-11.07	-11.03	-11.01	-11.00	-11.00	-11.00	-11.00	-11.00	-11.00	-11.00	-11.00	-11.00	-11.33	-12.22	-13.11	-13.66	-14.26	-15.25	-16.30	-17.21	-18.31	-19.57	-20.93	-22.17	-23.35	-24.80	-26.18	-27.75	-29.22	-30.82	-32.76	-34.31	-36.27	-37.99	-39.74	-41.75	-43.36	-45.36	-47.19	-49.01	-51.20	-53.70	-55.66	-57.74	-60.08	-61.91	-64.00	-66.37	-68.95	-71.10	-73.34	-75.74	-78.27	-80.73	-82.99	-85.30	-87.73	-90.27	-92.73	-95.04	-97.38	-99.82	-102.45	-104.96	-107.61	-110.01	-112.60	-115.18	-117.74	-120.24	-122.97	-125.75	-128.17	-130.72	-133.48	-136.17	-138.79	-141.31	-144.03	-146.89	-149.44	-152.04	-154.74	-157.54	-160.55	-164.00
	-26.00	-24.57	-23.47	-22.21	-21.13	-20.21	-19.05	-18.03	-17.47	-16.87	-15.86	-14.92	-14.41	-14.17	-14.07	-14.03	-14.01	-14.00	-14.00	-14.00	-14.00	-14.00	-14.00	-14.00	-14.00	-14.00	-14.33	-15.22	-16.11	-16.62	-17.20	-18.19	-19.17	-20.04	-21.16	-22.47	-23.49	-24.66	-25.90	-27.31	-28.73	-30.25	-31.72	-33.45	-35.07	-36.75	-38.73	-40.30	-42.27	-44.00	-45.75	-47.76	-49.38	-51.38	-53.77	-55.68	-57.74	-60.07	-61.89	-63.88	-66.20	-68.77	-70.75	-72.93	-75.34	-77.75	-80.00	-82.30	-84.73	-87.26	-89.73	-91.99	-94.30	-96.74	-99.29	-101.76	-104.07	-106.58	-109.11	-111.67	-114.19	-116.83	-119.18	-121.71	-124.46	-127.12	-129.72	-132.24	-134.97	-137.75	-140.17	-142.73	-145.48	-148.17	-150.83	-153.37	-156.09	-158.94	-161.69	-164.00
	-29.00	-27.49	-26.37	-25.11	-24.06	-23.15	-22.00	-20.99	-20.44	-19.86	-18.67	-17.83	-17.37	-17.16	-17.06	-17.03	-17.01	-17.00	-17.00	-17.00	-17.00	-17.00	-17.00	-17.00	-17.00	-17.00	-17.33	-18.22	-18.92	-19.52	-20.15	-21.16	-22.11	-22.97	-24.10	-25.23	-26.17	-27.33	-28.62	-30.04	-31.48	-32.97	-34.46	-36.07	-37.62	-39.41	-41.04	-42.74	-44.73	-46.30	-48.27	-50.01	-51.75	-53.95	-55.76	-57.77	-60.08	-61.89	-63.87	-66.15	-68.51	-70.58	-72.73	-75.13	-77.18	-79.37	-81.75	-84.27	-86.73	-88.99	-91.30	-93.73	-96.26	-98.73	-101.00	-103.31	-105.75	-108.39	-110.91	-113.19	-115.70	-118.22	-120.75	-123.43	-126.06	-128.77	-131.15	-133.70	-136.45	-139.11	-141.53	-144.14	-146.94	-149.74	-152.18	-154.75	-157.50	-160.38	-163.46	-167.00
	-32.00	-30.46	-29.32	-27.88	-26.92	-26.09	-24.78	-23.88	-23.40	-22.46	-21.38	-20.68	-20.31	-20.14	-20.06	-20.02	-20.01	-20.00	-20.00	-20.00	-20.00	-20.00	-20.00	-20.00	-20.00	-20.00	-20.33	-20.85	-21.64	-22.37	-23.08	-24.13	-24.90	-25.85	-27.03	-27.91	-28.92	-30.13	-31.47	-32.90	-34.17	-35.75	-37.12	-38.77	-40.18	-41.93	-43.38	-45.29	-47.00	-48.73	-50.73	-52.30	-54.27	-56.10	-57.93	-60.14	-61.91	-63.88	-66.15	-68.31	-70.37	-72.59	-75.02	-76.89	-78.99	-81.37	-83.95	-86.10	-88.34	-90.74	-93.27	-95.73	-97.99	-100.30	-102.73	-105.27	-107.73	-110.04	-112.37	-114.81	-117.44	-119.95	-122.60	-125.00	-127.60	-130.17	-132.73	-135.23	-137.96	-140.36	-142.86	-145.56	-148.39	-151.09	-153.53	-156.15	-158.94	-161.84	-164.45	-167.00
	-35.00	-33.45	-31.93	-30.58	-29.77	-28.64	-27.46	-26.72	-26.14	-25.15	-24.16	-23.56	-23.26	-23.11	-23.05	-23.02	-23.01	-23.00	-23.00	-23.00	-23.00	-23.00	-23.00	-23.00	-23.00	-23.00	-23.15	-23.57	-24.43	-25.25	-26.02	-26.73	-27.60	-28.69	-29.59	-30.56	-31.70	-33.00	-34.38	-35.46	-36.84	-38.18	-39.73	-41.16	-42.74	-44.21	-45.82	-47.76	-49.31	-51.27	-52.99	-54.73	-56.73	-58.34	-60.34	-62.18	-64.00	-66.20	-68.51	-70.37	-72.52	-74.95	-76.83	-78.85	-81.19	-83.58	-85.66	-87.90	-90.33	-92.75	-95.00	-97.30	-99.73	-102.26	-104.73	-106.99	-109.30	-111.74	-114.29	-116.76	-119.06	-121.58	-124.11	-126.67	-129.19	-131.83	-134.17	-136.70	-139.26	-141.83	-144.50	-147.11	-149.90	-152.33	-154.85	-157.55	-160.40	-163.13	-165.35	-167.00
	-38.00	-36.26	-34.64	-33.36	-32.46	-31.30	-30.22	-29.59	-28.99	-27.99	-27.03	-26.48	-26.22	-26.09	-26.04	-26.02	-26.01	-26.00	-26.00	-26.00	-26.00	-26.00	-26.00	-26.00	-26.00	-26.00	-26.05	-26.43	-27.31	-28.18	-28.79	-29.43	-30.38	-31.38	-32.25	-33.31	-34.55	-35.91	-36.96	-38.05	-39.38	-40.75	-42.25	-43.70	-45.24	-46.72	-48.45	-50.07	-51.75	-53.73	-55.30	-57.26	-58.99	-60.74	-62.75	-64.37	-66.37	-68.77	-70.58	-72.59	-74.95	-76.81	-78.83	-81.13	-83.13	-85.30	-87.59	-90.07	-92.16	-94.36	-96.75	-99.27	-101.73	-103.99	-106.30	-108.73	-111.26	-113.73	-116.00	-118.31	-120.75	-123.39	-125.90	-128.19	-130.70	-133.21	-135.75	-138.24	-140.87	-143.59	-146.02	-148.62	-151.22	-153.81	-156.30	-159.01	-161.87	-164.33	-166.94	-170.00
	-41.00	-38.98	-37.41	-36.21	-35.28	-34.12	-33.09	-32.51	-31.91	-30.91	-29.97	-29.44	-29.19	-29.08	-29.03	-29.01	-29.01	-29.00	-29.00	-29.00	-29.00	-29.00	-29.00	-29.00	-29.00	-29.00	-29.02	-29.37	-30.26	-31.14	-31.68	-32.27	-33.26	-34.21	-35.07	-36.17	-37.46	-38.48	-39.55	-40.75	-42.09	-43.50	-44.98	-46.46	-47.96	-49.27	-50.97	-52.59	-54.39	-56.04	-57.74	-59.73	-61.30	-63.27	-65.00	-66.75	-68.95	-70.75	-72.73	-75.02	-76.83	-78.83	-81.12	-82.92	-84.99	-87.35	-89.89	-91.83	-93.97	-96.36	-98.95	-101.10	-103.34	-105.74	-108.27	-110.73	-112.99	-115.30	-117.73	-120.27	-122.73	-125.04	-127.37	-129.81	-132.44	-134.95	-137.22	-139.72	-142.42	-145.05	-147.65	-150.19	-152.84	-155.20	-157.73	-160.48	-163.16	-165.79	-168.10	-170.00
	-41.00	-41.05	-40.07	-39.06	-38.17	-37.02	-36.02	-35.46	-34.87	-33.87	-32.94	-32.42	-32.18	-32.07	-32.03	-32.01	-32.00	-32.00	-32.00	-32.00	-32.00	-32.00	-32.00	-32.00	-32.00	-32.00	-32.01	-32.34	-33.24	-34.12	-34.63	-35.21	-36.20	-37.14	-37.98	-39.10	-40.23	-41.17	-42.29	-43.56	-44.94	-46.19	-47.76	-49.12	-50.36	-51.83	-53.63	-55.12	-56.91	-58.37	-60.29	-62.00	-63.73	-65.73	-67.30	-69.27	-71.10	-72.93	-75.13	-76.89	-78.85	-81.13	-82.92	-84.89	-87.19	-89.76	-91.73	-93.81	-96.17	-98.57	-100.66	-102.89	-105.33	-107.75	-110.00	-112.30	-114.73	-117.26	-119.73	-121.99	-124.30	-126.74	-129.29	-131.76	-134.06	-136.39	-138.83	-141.46	-144.06	-146.75	-149.13	-151.68	-154.21	-156.76	-159.25	-161.97	-164.75	-167.17	-169.83	-173.00
	-44.00	-43.78	-42.70	-41.87	-41.08	-39.97	-38.98	-38.44	-37.85	-36.86	-35.93	-35.41	-35.17	-35.07	-35.03	-35.01	-35.00	-35.00	-35.00	-35.00	-35.00	-35.00	-35.00	-35.00	-35.00	-35.00	-35.00	-35.34	-36.23	-37.12	-37.61	-38.18	-39.17	-40.10	-40.95	-42.07	-42.93	-43.92	-45.12	-46.45	-47.49	-48.85	-50.19	-51.54	-52.86	-54.50	-56.03	-57.68	-59.19	-60.81	-62.76	-64.31	-66.27	-67.99	-69.73	-71.73	-73.34	-75.34	-77.18	-78.99	-81.19	-83.13	-84.99	-87.19	-89.71	-91.68	-93.76	-96.10	-98.11	-100.29	-102.59	-105.07	-107.16	-109.36	-111.75	-114.27	-116.73	-118.99	-121.30	-123.73	-126.26	-128.73	-131.00	-133.31	-135.75	-138.30	-140.76	-143.07	-145.62	-148.17	-150.73	-153.23	-155.85	-158.19	-160.71	-163.46	-166.12	-168.72	-171.05	-173.00
	-47.00	-46.33	-45.35	-44.69	-43.99	-42.93	-41.96	-41.43	-40.85	-39.85	-38.92	-38.41	-38.17	-38.07	-38.03	-38.01	-38.00	-38.00	-38.00	-38.00	-38.00	-38.00	-38.00	-38.00	-38.00	-38.00	-38.00	-38.33	-39.22	-40.11	-40.61	-41.17	-42.16	-43.09	-43.94	-44.69	-45.60	-46.72	-48.00	-49.19	-50.16	-51.42	-52.77	-54.16	-55.56	-57.11	-58.62	-60.20	-61.70	-63.45	-65.06	-66.75	-68.73	-70.30	-72.26	-73.99	-75.74	-77.75	-79.37	-81.37	-83.58	-85.30	-87.35	-89.76	-91.68	-93.74	-96.08	-97.90	-99.98	-102.34	-104.89	-106.83	-108.97	-111.36	-113.95	-116.10	-118.34	-120.74	-123.27	-125.73	-127.99	-130.30	-132.73	-135.27	-137.73	-140.00	-142.31	-144.75	-147.40	-149.93	-152.21	-154.71	-157.23	-159.76	-162.43	-165.06	-167.77	-170.15	-172.81	-176.00
	-50.00	-49.07	-48.12	-47.55	-46.92	-45.71	-44.85	-44.38	-43.83	-42.84	-41.92	-41.41	-41.17	-41.07	-41.03	-41.01	-41.00	-41.00	-41.00	-41.00	-41.00	-41.00	-41.00	-41.00	-41.00	-41.00	-41.00	-41.33	-42.22	-43.11	-43.61	-44.17	-45.16	-45.90	-46.65	-47.37	-48.36	-49.57	-50.91	-51.86	-52.90	-54.16	-55.53	-56.95	-58.40	-59.91	-61.22	-62.85	-64.22	-65.96	-67.39	-69.30	-71.01	-72.73	-74.73	-76.30	-78.27	-80.00	-81.75	-83.95	-85.66	-87.59	-89.89	-91.73	-93.76	-96.08	-97.89	-99.87	-102.19	-104.76	-106.73	-108.80	-111.17	-113.57	-115.66	-117.89	-120.33	-122.75	-125.00	-127.30	-129.73	-132.26	-134.73	-136.99	-139.30	-141.73	-144.27	-146.73	-149.04	-151.38	-153.82	-156.45	-158.96	-161.60	-164.01	-166.60	-169.17	-171.73	-174.05	-176.00
	-53.00	-51.95	-51.01	-50.48	-49.51	-48.40	-47.69	-47.32	-46.81	-45.65	-44.82	-44.37	-44.16	-44.06	-44.03	-44.01	-44.00	-44.00	-44.00	-44.00	-44.00	-44.00	-44.00	-44.00	-44.00	-44.00	-44.00	-44.33	-45.22	-45.92	-46.51	-47.13	-47.77	-48.61	-49.41	-50.16	-51.22	-52.48	-53.49	-54.52	-55.69	-57.00	-58.40	-59.85	-61.13	-62.35	-63.81	-65.20	-66.76	-68.23	-69.83	-71.76	-73.31	-75.27	-76.99	-78.73	-80.73	-82.30	-84.27	-86.10	-87.90	-90.07	-91.83	-93.81	-96.10	-97.90	-99.87	-102.15	-104.69	-106.67	-108.76	-111.10	-113.11	-115.29	-117.59	-120.07	-122.16	-124.36	-126.75	-129.27	-131.73	-133.99	-136.30	-138.73	-141.26	-143.73	-145.99	-148.30	-150.74	-153.29	-155.76	-158.07	-160.58	-163.11	-165.67	-168.19	-170.83	-173.17	-175.81	-179.00
	-56.00	-54.91	-53.96	-53.25	-52.20	-51.18	-50.57	-50.26	-49.41	-48.36	-47.67	-47.31	-47.13	-47.06	-47.02	-47.01	-47.00	-47.00	-47.00	-47.00	-47.00	-47.00	-47.00	-47.00	-47.00	-47.00	-47.00	-47.33	-47.85	-48.64	-49.37	-49.89	-50.47	-51.39	-52.26	-53.05	-54.14	-55.24	-56.18	-57.28	-58.54	-59.91	-61.15	-62.34	-63.59	-64.88	-66.31	-67.74	-69.25	-70.73	-72.46	-74.07	-75.75	-77.73	-79.30	-81.26	-82.99	-84.73	-86.73	-88.34	-90.33	-92.16	-93.97	-96.17	-98.11	-99.98	-102.19	-104.69	-106.65	-108.73	-111.08	-112.89	-114.98	-117.34	-119.89	-121.83	-123.97	-126.36	-128.76	-131.00	-133.30	-135.73	-138.26	-140.72	-142.99	-145.30	-147.73	-150.26	-152.73	-155.00	-157.31	-159.75	-162.39	-164.91	-167.19	-169.70	-172.22	-174.75	-177.24	-179.00
	-59.00	-57.90	-56.94	-56.14	-55.05	-54.05	-53.49	-53.03	-52.11	-51.14	-50.55	-50.25	-50.11	-50.05	-50.02	-50.01	-50.00	-50.00	-50.00	-50.00	-50.00	-50.00	-50.00	-50.00	-50.00	-50.00	-50.00	-50.15	-50.57	-51.43	-52.25	-52.74	-53.30	-54.27	-55.17	-55.99	-57.09	-58.12	-59.02	-60.15	-61.45	-62.48	-63.65	-64.89	-66.21	-67.58	-69.02	-70.48	-71.98	-73.46	-75.07	-76.62	-78.41	-80.04	-81.74	-83.73	-85.30	-87.26	-88.99	-90.74	-92.75	-94.36	-96.36	-98.57	-100.29	-102.34	-104.76	-106.67	-108.73	-111.07	-112.89	-114.87	-117.19	-119.57	-121.64	-123.77	-126.15	-128.19	-130.37	-132.75	-135.27	-137.73	-139.99	-142.30	-144.73	-147.26	-149.72	-151.99	-154.30	-156.73	-159.27	-161.73	-164.04	-166.37	-168.81	-171.44	-173.95	-176.60	-179.07	-182.00
	-62.00	-60.70	-59.84	-59.06	-57.97	-56.99	-56.45	-55.91	-54.95	-54.01	-53.48	-53.21	-53.09	-53.04	-53.02	-53.01	-53.00	-53.00	-53.00	-53.00	-53.00	-53.00	-53.00	-53.00	-53.00	-53.00	-53.00	-53.05	-53.43	-54.31	-55.18	-55.67	-56.23	-57.21	-58.12	-58.96	-60.07	-60.89	-61.86	-63.05	-64.21	-65.16	-66.32	-67.62	-69.00	-70.42	-71.88	-73.17	-74.75	-76.12	-77.77	-79.18	-80.93	-82.38	-84.29	-86.00	-87.73	-89.73	-91.30	-93.27	-95.00	-96.75	-98.95	-100.66	-102.59	-104.89	-106.73	-108.76	-111.08	-112.89	-114.87	-117.15	-119.13	-121.30	-123.58	-126.03	-127.90	-130.00	-132.37	-134.95	-137.10	-139.34	-141.74	-144.27	-146.73	-148.99	-151.30	-153.73	-156.26	-158.73	-160.99	-163.30	-165.74	-168.29	-170.76	-173.06	-175.58	-178.11	-180.43	-182.00
	-65.00	-63.56	-62.74	-62.00	-60.93	-59.96	-59.43	-58.87	-57.89	-56.96	-56.44	-56.19	-56.08	-56.03	-56.01	-56.01	-56.00	-56.00	-56.00	-56.00	-56.00	-56.00	-56.00	-56.00	-56.00	-56.00	-56.00	-56.02	-56.37	-57.26	-58.14	-58.63	-59.19	-60.18	-61.10	-61.94	-62.69	-63.59	-64.69	-65.97	-66.89	-67.91	-69.12	-70.47	-71.89	-73.15	-74.34	-75.79	-77.17	-78.72	-80.15	-81.74	-83.21	-84.82	-86.76	-88.31	-90.27	-91.99	-93.73	-95.73	-97.30	-99.27	-101.10	-102.89	-105.07	-106.83	-108.80	-111.10	-112.89	-114.87	-117.15	-118.93	-120.99	-123.35	-125.89	-127.81	-129.85	-132.19	-134.58	-136.66	-138.90	-141.33	-143.75	-146.00	-148.30	-150.73	-153.26	-155.72	-157.99	-160.30	-162.73	-165.26	-167.73	-170.00	-172.31	-174.75	-177.39	-179.90	-182.22	-185.00
	-68.00	-66.49	-65.68	-64.96	-63.91	-62.95	-62.42	-61.85	-60.86	-59.93	-59.42	-59.18	-59.07	-59.03	-59.01	-59.00	-59.00	-59.00	-59.00	-59.00	-59.00	-59.00	-59.00	-59.00	-59.00	-59.00	-59.00	-59.01	-59.34	-60.24	-61.12	-61.62	-62.18	-63.16	-64.09	-64.75	-65.40	-66.37	-67.57	-68.53	-69.54	-70.69	-71.99	-73.38	-74.45	-75.64	-76.89	-78.31	-79.73	-81.24	-82.70	-84.23	-85.72	-87.45	-89.07	-90.75	-92.73	-94.30	-96.26	-97.99	-99.73	-101.73	-103.34	-105.33	-107.16	-108.97	-111.17	-113.11	-114.98	-117.19	-119.13	-120.99	-123.23	-125.77	-127.74	-129.80	-132.12	-134.12	-136.30	-138.59	-141.07	-143.16	-145.36	-147.75	-150.27	-152.73	-154.99	-157.30	-159.73	-162.26	-164.72	-166.99	-169.30	-171.73	-174.27	-176.73	-179.04	-181.37	-183.56	-185.00
	-71.00	-69.46	-68.65	-67.94	-66.71	-65.84	-65.38	-64.83	-63.85	-62.92	-62.41	-62.17	-62.07	-62.03	-62.01	-62.00	-62.00	-62.00	-62.00	-62.00	-62.00	-62.00	-62.00	-62.00	-62.00	-62.00	-62.00	-62.00	-62.34	-63.23	-64.12	-64.61	-65.17	-66.16	-66.90	-67.56	-68.22	-69.24	-70.30	-71.21	-72.29	-73.54	-74.91	-75.96	-77.04	-78.28	-79.60	-81.03	-82.48	-83.97	-85.45	-86.96	-88.46	-90.07	-91.62	-93.41	-95.04	-96.74	-98.73	-100.30	-102.26	-103.99	-105.74	-107.75	-109.36	-111.36	-113.57	-115.29	-117.34	-119.57	-121.30	-123.35	-125.77	-127.70	-129.77	-132.10	-133.91	-135.98	-138.34	-140.89	-142.83	-144.97	-147.36	-149.95	-152.10	-154.34	-156.74	-159.27	-161.73	-163.99	-166.30	-168.73	-171.26	-173.73	-175.99	-178.30	-180.74	-183.29	-185.59	-188.00
	-74.00	-72.45	-71.64	-70.56	-69.42	-68.70	-68.32	-67.81	-66.84	-65.91	-65.41	-65.17	-65.07	-65.03	-65.01	-65.00	-65.00	-65.00	-65.00	-65.00	-65.00	-65.00	-65.00	-65.00	-65.00	-65.00	-65.00	-65.00	-65.33	-66.22	-67.11	-67.61	-68.17	-68.78	-69.62	-70.38	-71.11	-72.16	-73.16	-74.04	-75.16	-76.46	-77.48	-78.55	-79.75	-81.06	-82.44	-83.89	-85.17	-86.75	-88.11	-89.73	-91.11	-92.77	-94.18	-95.93	-97.38	-99.29	-101.00	-102.73	-104.73	-106.30	-108.27	-110.00	-111.75	-113.95	-115.66	-117.59	-119.89	-121.64	-123.58	-125.89	-127.74	-129.77	-132.09	-133.90	-135.88	-138.19	-140.76	-142.73	-144.81	-147.17	-149.57	-151.66	-153.89	-156.33	-158.75	-161.00	-163.30	-165.73	-168.26	-170.72	-172.99	-175.30	-177.73	-180.26	-182.73	-185.00	-187.65	-191.00
	-77.00	-75.45	-74.45	-73.27	-72.20	-71.58	-71.26	-70.78	-69.83	-68.91	-68.40	-68.17	-68.07	-68.03	-68.01	-68.00	-68.00	-68.00	-68.00	-68.00	-68.00	-68.00	-68.00	-68.00	-68.00	-68.00	-68.00	-68.00	-68.33	-69.22	-70.11	-70.61	-70.98	-71.50	-72.41	-73.25	-74.03	-75.11	-76.09	-76.96	-78.10	-79.22	-80.17	-81.29	-82.56	-83.93	-85.17	-86.35	-87.80	-89.17	-90.72	-92.14	-93.71	-95.15	-96.73	-98.21	-99.82	-101.76	-103.31	-105.27	-106.99	-108.73	-110.73	-112.30	-114.27	-116.10	-117.89	-120.07	-121.83	-123.77	-126.03	-127.81	-129.80	-132.10	-133.90	-135.88	-138.15	-140.70	-142.67	-144.76	-147.10	-149.11	-151.29	-153.59	-156.07	-158.16	-160.36	-162.75	-165.27	-167.73	-169.99	-172.30	-174.73	-177.26	-179.72	-181.99	-184.30	-186.73	-189.19	-191.00
	-80.00	-78.45	-77.35	-76.13	-75.08	-74.50	-74.22	-73.76	-72.82	-71.91	-71.40	-71.17	-71.07	-71.03	-71.01	-71.00	-71.00	-71.00	-71.00	-71.00	-71.00	-71.00	-71.00	-71.00	-71.00	-71.00	-71.00	-71.00	-71.33	-72.22	-73.11	-73.61	-73.89	-74.36	-75.29	-76.17	-76.98	-78.09	-78.88	-79.84	-81.03	-81.91	-82.92	-84.12	-85.45	-86.48	-87.65	-88.90	-90.31	-91.73	-93.24	-94.70	-96.23	-97.70	-99.23	-100.72	-102.45	-104.07	-105.75	-107.73	-109.30	-111.26	-112.99	-114.73	-116.73	-118.34	-120.33	-122.16	-123.97	-126.15	-127.90	-129.85	-132.12	-133.91	-135.88	-138.15	-140.68	-142.65	-144.73	-147.08	-148.90	-150.98	-153.34	-155.89	-157.83	-159.97	-162.36	-164.95	-167.10	-169.34	-171.74	-174.27	-176.73	-178.99	-181.30	-183.73	-186.26	-188.73	-191.10	-194.00
	-83.00	-81.26	-80.22	-79.04	-78.02	-77.46	-77.20	-76.75	-75.81	-74.90	-74.40	-74.17	-74.07	-74.03	-74.01	-74.00	-74.00	-74.00	-74.00	-74.00	-74.00	-74.00	-74.00	-74.00	-74.00	-74.00	-74.00	-74.00	-74.33	-75.22	-76.11	-76.61	-76.85	-77.30	-78.23	-79.13	-79.96	-80.70	-81.59	-82.69	-83.59	-84.56	-85.70	-86.99	-88.19	-89.16	-90.32	-91.62	-93.04	-94.48	-95.97	-97.45	-98.96	-100.26	-101.87	-103.23	-104.96	-106.58	-108.39	-110.04	-111.74	-113.73	-115.30	-117.26	-118.99	-120.74	-122.75	-124.36	-126.36	-128.19	-130.00	-132.19	-134.12	-135.98	-138.19	-140.70	-142.65	-144.73	-147.07	-148.89	-150.87	-153.19	-155.76	-157.73	-159.80	-162.17	-164.57	-166.66	-168.89	-171.33	-173.75	-176.00	-178.30	-180.73	-183.26	-185.72	-187.99	-190.30	-192.50	-194.00
	-83.00	-83.37	-82.93	-81.92	-80.96	-80.43	-80.19	-79.74	-78.62	-77.81	-77.36	-77.15	-77.06	-77.02	-77.01	-77.00	-77.00	-77.00	-77.00	-77.00	-77.00	-77.00	-77.00	-77.00	-77.00	-77.00	-77.00	-77.00	-77.33	-78.22	-78.92	-79.51	-79.81	-80.27	-81.21	-82.11	-82.76	-83.41	-84.37	-85.38	-86.25	-87.31	-88.55	-89.91	-90.86	-91.90	-93.12	-94.47	-95.90	-97.17	-98.75	-100.11	-101.36	-102.83	-104.21	-105.77	-107.61	-109.11	-110.91	-112.37	-114.29	-116.00	-117.73	-119.73	-121.30	-123.27	-125.00	-126.75	-128.76	-130.37	-132.37	-134.58	-136.30	-138.34	-140.76	-142.67	-144.73	-147.07	-148.88	-150.87	-153.15	-155.51	-157.58	-159.72	-162.08	-164.11	-166.29	-168.59	-171.07	-173.16	-175.36	-177.75	-180.27	-182.73	-184.99	-187.30	-189.73	-192.26	-194.57	-197.00
	-86.00	-86.11	-85.77	-84.85	-83.93	-83.42	-83.18	-82.36	-81.34	-80.67	-80.31	-80.13	-80.06	-80.02	-80.01	-80.00	-80.00	-80.00	-80.00	-80.00	-80.00	-80.00	-80.00	-80.00	-80.00	-80.00	-80.00	-80.00	-80.33	-80.85	-81.64	-82.37	-82.74	-83.24	-84.19	-85.10	-85.66	-86.26	-87.25	-88.21	-89.07	-90.17	-91.46	-92.48	-93.52	-94.69	-95.99	-97.38	-98.45	-99.83	-101.18	-102.54	-103.86	-105.31	-106.74	-108.44	-110.01	-111.67	-113.19	-114.81	-116.76	-118.31	-120.27	-121.99	-123.73	-125.73	-127.30	-129.27	-131.00	-132.75	-134.95	-136.66	-138.59	-140.89	-142.73	-144.76	-147.08	-148.89	-150.87	-153.15	-155.12	-157.27	-159.56	-162.00	-163.87	-165.97	-168.34	-170.89	-172.83	-174.97	-177.36	-179.95	-182.10	-184.34	-186.74	-189.27	-191.73	-193.99	-196.64	-200.00
	-89.00	-89.03	-88.70	-87.81	-86.91	-86.41	-85.98	-85.08	-84.13	-83.55	-83.25	-83.11	-83.05	-83.02	-83.01	-83.00	-83.00	-83.00	-83.00	-83.00	-83.00	-83.00	-83.00	-83.00	-83.00	-83.00	-83.00	-83.00	-83.15	-83.57	-84.43	-85.25	-85.69	-86.21	-87.18	-88.10	-88.62	-89.20	-90.19	-91.13	-91.98	-93.10	-94.23	-95.17	-96.28	-97.54	-98.90	-99.96	-101.04	-102.38	-103.75	-105.15	-106.56	-108.02	-109.48	-111.07	-112.60	-114.19	-115.70	-117.44	-119.06	-120.75	-122.73	-124.30	-126.26	-127.99	-129.73	-131.73	-133.30	-135.27	-137.10	-138.90	-141.07	-142.83	-144.81	-147.10	-148.90	-150.87	-153.15	-155.12	-157.08	-159.37	-161.89	-163.81	-165.84	-168.17	-170.56	-172.64	-174.77	-177.15	-179.56	-181.66	-183.89	-186.33	-188.75	-191.00	-193.30	-195.73	-198.19	-200.00
	-92.00	-92.01	-91.68	-90.60	-89.80	-89.37	-88.87	-87.93	-87.01	-86.47	-86.21	-86.09	-86.04	-86.02	-86.01	-86.00	-86.00	-86.00	-86.00	-86.00	-86.00	-86.00	-86.00	-86.00	-86.00	-86.00	-86.00	-86.00	-86.05	-86.43	-87.31	-88.18	-88.65	-89.19	-90.17	-90.90	-91.51	-92.14	-93.16	-94.10	-94.95	-96.07	-97.11	-98.02	-99.15	-100.45	-101.48	-102.55	-103.75	-105.09	-106.50	-107.95	-109.40	-110.87	-112.16	-113.79	-115.18	-116.83	-118.22	-119.95	-121.58	-123.39	-125.04	-126.74	-128.73	-130.30	-132.26	-133.99	-135.73	-137.73	-139.34	-141.33	-143.16	-144.97	-147.17	-149.11	-150.98	-153.19	-155.51	-157.27	-159.37	-161.83	-163.75	-165.81	-168.12	-170.12	-172.29	-174.58	-177.03	-179.08	-181.28	-183.58	-186.07	-188.16	-190.36	-192.75	-195.27	-197.73	-200.10	-203.00
	-95.00	-95.00	-94.30	-93.31	-92.66	-92.30	-91.82	-90.87	-89.95	-89.43	-89.19	-89.08	-89.03	-89.01	-89.01	-89.00	-89.00	-89.00	-89.00	-89.00	-89.00	-89.00	-89.00	-89.00	-89.00	-89.00	-89.00	-89.00	-89.02	-89.37	-90.26	-91.14	-91.63	-92.18	-92.79	-93.62	-94.36	-95.08	-96.13	-97.08	-97.93	-99.06	-99.88	-100.86	-102.05	-103.21	-104.16	-105.29	-106.56	-107.94	-109.38	-110.84	-112.13	-113.34	-114.79	-116.18	-117.74	-119.18	-120.75	-122.60	-124.11	-125.90	-127.37	-129.29	-131.00	-132.73	-134.73	-136.30	-138.26	-139.99	-141.74	-143.75	-145.36	-147.36	-149.57	-151.29	-153.34	-155.76	-157.58	-159.56	-161.89	-163.75	-165.79	-168.11	-169.91	-171.98	-174.34	-176.89	-178.81	-180.94	-183.33	-185.88	-187.83	-189.97	-192.36	-194.95	-197.10	-199.34	-201.52	-203.00
	-98.00	-97.81	-97.01	-96.10	-95.54	-95.25	-94.78	-93.84	-92.92	-92.42	-92.18	-92.07	-92.03	-92.01	-92.00	-92.00	-92.00	-92.00	-92.00	-92.00	-92.00	-92.00	-92.00	-92.00	-92.00	-92.00	-92.00	-92.00	-92.01	-92.34	-93.24	-94.12	-94.61	-94.99	-95.50	-96.41	-97.25	-98.02	-99.10	-99.88	-100.83	-101.64	-102.57	-103.69	-104.97	-105.89	-106.91	-108.11	-109.45	-110.86	-112.13	-113.33	-114.59	-115.87	-117.30	-118.73	-120.24	-121.71	-123.43	-125.00	-126.67	-128.19	-129.81	-131.76	-133.31	-135.27	-136.99	-138.73	-140.72	-142.30	-144.27	-146.00	-147.75	-149.95	-151.66	-153.59	-155.89	-157.73	-159.72	-162.00	-163.81	-165.81	-168.11	-169.91	-171.88	-174.19	-176.76	-178.73	-180.80	-183.16	-185.56	-187.63	-189.77	-192.15	-194.56	-196.66	-198.89	-201.33	-203.59	-206.00
	-101.00	-100.72	-99.87	-98.98	-98.46	-98.21	-97.76	-96.82	-95.91	-95.41	-95.17	-95.07	-95.03	-95.01	-95.00	-95.00	-95.00	-95.00	-95.00	-95.00	-95.00	-95.00	-95.00	-95.00	-95.00	-95.00	-95.00	-95.00	-95.00	-95.34	-96.23	-97.12	-97.61	-97.89	-98.36	-99.29	-100.17	-100.98	-101.71	-102.59	-103.50	-104.30	-105.33	-106.55	-107.53	-108.54	-109.69	-110.99	-112.38	-113.44	-114.63	-115.88	-117.21	-118.58	-120.02	-121.48	-122.97	-124.46	-126.06	-127.60	-129.19	-130.70	-132.44	-134.06	-135.75	-137.73	-139.30	-141.26	-142.99	-144.73	-146.73	-148.30	-150.27	-152.10	-153.89	-156.07	-157.83	-159.80	-162.08	-163.87	-165.84	-168.12	-169.91	-171.88	-174.15	-176.70	-178.67	-180.76	-183.09	-185.11	-187.29	-189.58	-192.02	-194.08	-196.28	-198.58	-201.07	-203.16	-205.70	-209.00
	-104.00	-103.68	-102.81	-101.93	-101.43	-101.19	-100.75	-99.81	-98.90	-98.40	-98.17	-98.07	-98.03	-98.01	-98.00	-98.00	-98.00	-98.00	-98.00	-98.00	-98.00	-98.00	-98.00	-98.00	-98.00	-98.00	-98.00	-98.00	-98.00	-98.33	-99.22	-100.11	-100.61	-100.85	-101.30	-102.23	-103.13	-103.77	-104.41	-105.37	-106.28	-107.10	-108.19	-109.28	-110.20	-111.29	-112.54	-113.90	-114.95	-116.04	-117.28	-118.60	-119.99	-121.42	-122.88	-124.17	-125.75	-127.12	-128.77	-130.17	-131.83	-133.21	-134.95	-136.39	-138.30	-140.00	-141.73	-143.73	-145.30	-147.26	-148.99	-150.73	-152.73	-154.34	-156.33	-158.16	-159.97	-162.17	-164.11	-165.97	-168.17	-170.12	-171.98	-174.19	-176.70	-178.65	-180.73	-183.08	-184.89	-186.97	-189.34	-191.88	-193.81	-195.94	-198.33	-200.70	-202.73	-204.93	-207.27	-209.00
	-107.00	-106.67	-105.79	-104.90	-104.41	-104.17	-103.74	-102.81	-101.90	-101.40	-101.17	-101.07	-101.03	-101.01	-101.00	-101.00	-101.00	-101.00	-101.00	-101.00	-101.00	-101.00	-101.00	-101.00	-101.00	-101.00	-101.00	-101.00	-101.00	-101.33	-102.22	-103.11	-103.61	-103.84	-104.28	-105.21	-106.11	-106.66	-107.27	-108.25	-109.17	-110.01	-111.12	-112.14	-113.03	-114.16	-115.46	-116.48	-117.55	-118.74	-120.06	-121.44	-122.88	-124.15	-125.34	-126.79	-128.17	-129.72	-131.15	-132.73	-134.17	-135.75	-137.22	-138.83	-140.76	-142.31	-144.27	-145.99	-147.73	-149.72	-151.30	-153.26	-154.99	-156.74	-158.75	-160.36	-162.36	-164.57	-166.29	-168.34	-170.56	-172.29	-174.34	-176.76	-178.67	-180.73	-183.07	-184.89	-186.87	-189.19	-191.76	-193.73	-195.80	-198.16	-200.18	-202.35	-204.63	-207.09	-209.27	-212.00
	-110.00	-109.67	-108.78	-107.89	-107.40	-107.17	-106.74	-105.81	-104.90	-104.40	-104.17	-104.07	-104.03	-104.01	-104.00	-104.00	-104.00	-104.00	-104.00	-104.00	-104.00	-104.00	-104.00	-104.00	-104.00	-104.00	-104.00	-104.00	-104.00	-104.33	-105.22	-106.11	-106.61	-106.84	-107.27	-108.20	-109.11	-109.62	-110.20	-111.19	-112.12	-112.96	-114.08	-115.08	-115.96	-117.09	-118.22	-119.17	-120.29	-121.56	-122.93	-124.17	-125.35	-126.60	-127.88	-129.31	-130.72	-132.24	-133.70	-135.23	-136.70	-138.24	-139.72	-141.46	-143.07	-144.75	-146.73	-148.30	-150.26	-151.99	-153.73	-155.72	-157.30	-159.27	-161.00	-162.75	-164.95	-166.66	-168.59	-170.89	-172.64	-174.58	-176.89	-178.73	-180.76	-183.08	-184.89	-186.87	-189.15	-191.51	-193.58	-195.72	-198.08	-199.92	-202.00	-204.37	-206.91	-208.84	-210.74	-212.00
	-113.00	-112.67	-111.78	-110.89	-110.40	-110.17	-109.73	-108.80	-107.90	-107.40	-107.17	-107.07	-107.03	-107.01	-107.00	-107.00	-107.00	-107.00	-107.00	-107.00	-107.00	-107.00	-107.00	-107.00	-107.00	-107.00	-107.00	-107.00	-107.00	-107.33	-108.22	-109.11	-109.61	-109.84	-110.27	-111.20	-112.10	-112.61	-113.18	-114.17	-115.10	-115.94	-117.07	-117.87	-118.84	-120.03	-120.91	-121.92	-123.12	-124.45	-125.48	-126.65	-127.89	-129.22	-130.58	-132.02	-133.48	-134.97	-136.45	-137.96	-139.26	-140.87	-142.42	-144.06	-145.62	-147.40	-149.04	-150.74	-152.73	-154.30	-156.26	-157.99	-159.73	-161.73	-163.30	-165.27	-167.10	-168.89	-171.07	-172.83	-174.77	-177.03	-178.81	-180.80	-183.09	-184.89	-186.87	-189.15	-191.31	-193.37	-195.59	-198.02	-199.87	-201.87	-204.20	-206.77	-208.74	-210.81	-212.99	-215.00
	-116.00	-115.67	-114.59	-113.80	-113.36	-113.15	-112.73	-111.62	-110.80	-110.36	-110.15	-110.06	-110.02	-110.01	-110.00	-110.00	-110.00	-110.00	-110.00	-110.00	-110.00	-110.00	-110.00	-110.00	-110.00	-110.00	-110.00	-110.00	-110.00	-110.33	-111.22	-111.92	-112.51	-112.80	-113.26	-114.19	-114.91	-115.51	-116.14	-117.15	-118.09	-118.93	-119.68	-120.58	-121.68	-122.59	-123.56	-124.70	-125.99	-127.19	-128.16	-129.32	-130.62	-132.00	-133.42	-134.88	-136.17	-137.75	-139.11	-140.36	-141.83	-143.59	-145.05	-146.75	-148.17	-149.93	-151.38	-153.29	-155.00	-156.73	-158.73	-160.30	-162.26	-163.99	-165.73	-167.73	-169.34	-171.33	-173.16	-174.97	-177.15	-179.08	-180.94	-183.16	-185.11	-186.97	-189.19	-191.51	-193.37	-195.51	-197.95	-199.83	-201.85	-204.14	-206.51	-208.58	-210.73	-213.09	-215.20	-218.00
	-119.00	-118.29	-117.31	-116.65	-116.30	-116.13	-115.35	-114.33	-113.66	-113.30	-113.13	-113.05	-113.02	-113.01	-113.00	-113.00	-113.00	-113.00	-113.00	-113.00	-113.00	-113.00	-113.00	-113.00	-113.00	-113.00	-113.00	-113.00	-113.00	-113.33	-113.85	-114.64	-115.37	-115.74	-116.23	-116.81	-117.63	-118.37	-119.07	-120.12	-120.89	-121.65	-122.36	-123.35	-124.37	-125.24	-126.31	-127.55	-128.91	-129.86	-130.90	-132.12	-133.47	-134.89	-136.15	-137.34	-138.79	-140.17	-141.53	-142.86	-144.50	-146.02	-147.65	-149.13	-150.73	-152.21	-153.82	-155.76	-157.31	-159.27	-160.99	-162.73	-164.72	-166.30	-168.26	-169.99	-171.74	-173.75	-175.36	-177.36	-179.56	-181.28	-183.33	-185.56	-187.29	-189.34	-191.76	-193.58	-195.59	-197.95	-199.81	-201.83	-204.13	-206.11	-208.27	-210.56	-213.01	-214.87	-216.73	-218.00
	-122.00	-121.06	-120.11	-119.54	-119.25	-118.92	-118.06	-117.12	-116.54	-116.25	-116.11	-116.05	-116.02	-116.01	-116.00	-116.00	-116.00	-116.00	-116.00	-116.00	-116.00	-116.00	-116.00	-116.00	-116.00	-116.00	-116.00	-116.00	-116.00	-116.15	-116.57	-117.43	-118.25	-118.69	-119.02	-119.52	-120.41	-121.25	-122.02	-122.72	-123.60	-124.41	-125.16	-126.21	-127.20	-128.06	-129.17	-130.46	-131.48	-132.52	-133.69	-134.99	-136.38	-137.45	-138.64	-139.89	-141.31	-142.73	-144.14	-145.56	-147.11	-148.62	-150.19	-151.68	-153.23	-154.71	-156.45	-158.07	-159.75	-161.73	-163.30	-165.26	-166.99	-168.73	-170.72	-172.30	-174.27	-176.00	-177.75	-179.95	-181.66	-183.58	-185.88	-187.63	-189.58	-191.88	-193.73	-195.72	-198.02	-199.83	-201.83	-204.12	-205.92	-207.98	-210.34	-212.88	-214.81	-216.84	-219.00	-221.00
	-125.00	-123.95	-123.00	-122.47	-122.21	-121.81	-120.91	-120.00	-119.47	-119.21	-119.09	-119.04	-119.02	-119.01	-119.00	-119.00	-119.00	-119.00	-119.00	-119.00	-119.00	-119.00	-119.00	-119.00	-119.00	-119.00	-119.00	-119.00	-119.00	-119.05	-119.43	-120.31	-121.18	-121.65	-121.91	-122.37	-123.29	-124.17	-124.79	-125.42	-126.38	-127.25	-128.05	-129.13	-130.11	-130.98	-132.10	-133.23	-134.17	-135.28	-136.54	-137.90	-138.96	-140.04	-141.28	-142.60	-144.03	-145.48	-146.94	-148.39	-149.90	-151.22	-152.84	-154.21	-155.85	-157.23	-158.96	-160.58	-162.39	-164.04	-165.74	-167.73	-169.30	-171.26	-172.99	-174.73	-176.73	-178.30	-180.27	-182.10	-183.89	-186.07	-187.83	-189.77	-192.02	-193.81	-195.80	-198.08	-199.87	-201.85	-204.13	-205.92	-207.89	-210.19	-212.76	-214.73	-216.80	-219.12	-221.21	-224.00
	-128.00	-126.91	-125.96	-125.43	-125.19	-124.76	-123.84	-122.94	-122.43	-122.19	-122.08	-122.03	-122.01	-122.01	-122.00	-122.00	-122.00	-122.00	-122.00	-122.00	-122.00	-122.00	-122.00	-122.00	-122.00	-122.00	-122.00	-122.00	-122.00	-122.02	-122.37	-123.26	-124.14	-124.63	-124.86	-125.31	-126.24	-127.13	-127.68	-128.27	-129.25	-130.16	-130.98	-132.09	-133.07	-133.94	-135.07	-135.92	-136.92	-138.11	-139.44	-140.47	-141.55	-142.74	-144.06	-145.44	-146.89	-148.17	-149.74	-151.09	-152.33	-153.81	-155.20	-156.76	-158.19	-159.76	-161.60	-163.11	-164.91	-166.37	-168.29	-170.00	-171.73	-173.73	-175.30	-177.26	-178.99	-180.73	-182.73	-184.34	-186.33	-188.16	-189.97	-192.15	-194.08	-195.94	-198.16	-199.92	-201.87	-204.14	-206.11	-207.98	-210.19	-212.71	-214.68	-216.76	-219.09	-220.91	-222.74	-224.00
	-131.00	-129.90	-128.94	-128.42	-128.18	-127.74	-126.82	-125.91	-125.41	-125.18	-125.07	-125.03	-125.01	-125.00	-125.00	-125.00	-125.00	-125.00	-125.00	-125.00	-125.00	-125.00	-125.00	-125.00	-125.00	-125.00	-125.00	-125.00	-125.00	-125.01	-125.34	-126.24	-127.12	-127.61	-127.85	-128.28	-129.21	-130.11	-130.63	-131.21	-132.20	-133.12	-133.95	-135.07	-135.87	-136.83	-137.65	-138.59	-139.71	-140.99	-142.19	-143.16	-144.29	-145.56	-146.93	-148.36	-149.44	-150.83	-152.18	-153.53	-154.85	-156.30	-157.73	-159.25	-160.71	-162.43	-164.01	-165.67	-167.19	-168.81	-170.76	-172.31	-174.27	-175.99	-177.73	-179.72	-181.30	-183.26	-184.99	-186.74	-188.75	-190.36	-192.36	-194.56	-196.28	-198.33	-200.18	-202.00	-204.20	-206.51	-208.27	-210.34	-212.76	-214.68	-216.74	-219.08	-220.90	-222.88	-225.01	-227.00
	-134.00	-132.89	-131.93	-131.41	-131.17	-130.74	-129.81	-128.90	-128.40	-128.17	-128.07	-128.03	-128.01	-128.00	-128.00	-128.00	-128.00	-128.00	-128.00	-128.00	-128.00	-128.00	-128.00	-128.00	-128.00	-128.00	-128.00	-128.00	-128.00	-128.00	-128.34	-129.23	-130.12	-130.61	-130.84	-131.27	-132.20	-133.11	-133.61	-134.18	-135.17	-136.10	-136.94	-137.69	-138.58	-139.50	-140.30	-141.34	-142.56	-143.91	-144.86	-145.90	-147.11	-148.45	-149.86	-150.94	-152.04	-153.37	-154.75	-156.15	-157.55	-159.01	-160.48	-161.97	-163.46	-165.06	-166.60	-168.19	-169.70	-171.44	-173.06	-174.75	-176.73	-178.30	-180.26	-181.99	-183.73	-185.72	-187.30	-189.27	-191.00	-192.75	-194.95	-196.66	-198.58	-200.70	-202.35	-204.37	-206.77	-208.58	-210.56	-212.88	-214.73	-216.76	-219.08	-220.89	-222.87	-225.15	-227.59	-230.00
	-137.00	-135.89	-134.93	-134.41	-134.17	-133.74	-132.81	-131.90	-131.40	-131.17	-131.07	-131.03	-131.01	-131.00	-131.00	-131.00	-131.00	-131.00	-131.00	-131.00	-131.00	-131.00	-131.00	-131.00	-131.00	-131.00	-131.00	-131.00	-131.00	-131.00	-131.33	-132.22	-133.11	-133.61	-133.84	-134.27	-135.20	-136.10	-136.60	-137.17	-138.16	-139.09	-139.75	-140.40	-141.37	-142.28	-143.10	-144.19	-145.47	-146.48	-147.52	-148.69	-149.99	-151.37	-152.44	-153.53	-154.74	-156.09	-157.50	-158.94	-160.40	-161.87	-163.16	-164.75	-166.12	-167.77	-169.17	-170.83	-172.22	-173.95	-175.58	-177.39	-179.04	-180.74	-182.73	-184.30	-186.26	-187.99	-189.73	-191.73	-193.30	-195.27	-197.10	-198.89	-201.07	-202.73	-204.63	-206.91	-208.74	-210.73	-213.01	-214.81	-216.80	-219.09	-220.90	-222.87	-225.15	-227.68	-229.97	-233.00
	-140.00	-138.89	-137.93	-137.41	-137.17	-136.73	-135.80	-134.90	-134.40	-134.17	-134.07	-134.03	-134.01	-134.00	-134.00	-134.00	-134.00	-134.00	-134.00	-134.00	-134.00	-134.00	-134.00	-134.00	-134.00	-134.00	-134.00	-134.00	-134.00	-134.00	-134.33	-135.22	-136.11	-136.61	-136.84	-137.27	-138.20	-139.10	-139.60	-140.17	-141.16	-141.90	-142.56	-143.22	-144.24	-145.17	-146.00	-147.12	-148.23	-149.17	-150.28	-151.54	-152.90	-153.95	-155.04	-156.24	-157.54	-158.94	-160.38	-161.84	-163.13	-164.33	-165.79	-167.17	-168.72	-170.15	-171.73	-173.17	-174.75	-176.60	-178.11	-179.90	-181.37	-183.29	-185.00	-186.73	-188.73	-190.30	-192.26	-193.99	-195.73	-197.73	-199.34	-201.33	-203.16	-204.93	-207.09	-208.84	-210.81	-213.09	-214.87	-216.84	-219.12	-220.91	-222.88	-225.15	-227.68	-229.64	-231.60	-233.00
	-143.00	-142.14	-140.82	-140.33	-140.13	-139.72	-139.05	-137.79	-137.32	-137.13	-137.05	-137.02	-137.01	-137.00	-137.00	-137.00	-137.00	-137.00	-137.00	-137.00	-137.00	-137.00	-137.00	-137.00	-137.00	-137.00	-137.00	-137.00	-137.00	-137.00	-137.33	-137.97	-139.22	-139.69	-139.87	-140.28	-140.95	-142.21	-142.68	-143.21	-143.74	-144.31	-145.44	-146.16	-146.93	-148.22	-149.04	-149.87	-151.23	-152.10	-152.93	-154.57	-155.50	-156.27	-157.81	-158.85	-160.55	-161.69	-163.46	-164.45	-165.35	-166.94	-168.10	-169.83	-171.05	-172.81	-174.05	-175.81	-177.24	-179.07	-180.43	-182.22	-183.56	-185.59	-187.65	-189.19	-191.10	-192.50	-194.57	-196.64	-198.19	-200.10	-201.52	-203.59	-205.70	-207.27	-209.27	-210.74	-212.99	-215.20	-216.73	-219.00	-221.21	-222.74	-225.01	-227.59	-229.97	-231.60	-233.80	-236.00
	-146.00	-146.00	-143.00	-143.00	-143.00	-143.00	-143.00	-140.00	-140.00	-140.00	-140.00	-140.00	-140.00	-140.00	-140.00	-140.00	-140.00	-140.00	-140.00	-140.00	-140.00	-140.00	-140.00	-140.00	-140.00	-140.00	-140.00	-140.00	-140.00	-140.00	-140.00	-140.00	-143.00	-143.00	-143.00	-143.00	-143.00	-146.00	-146.00	-146.00	-146.00	-146.00	-149.00	-149.00	-149.00	-152.00	-152.00	-152.00	-155.00	-155.00	-155.00	-158.00	-158.00	-158.00	-161.00	-161.00	-164.00	-164.00	-167.00	-167.00	-167.00	-170.00	-170.00	-173.00	-173.00	-176.00	-176.00	-179.00	-179.00	-182.00	-182.00	-185.00	-185.00	-188.00	-191.00	-191.00	-194.00	-194.00	-197.00	-200.00	-200.00	-203.00	-203.00	-206.00	-209.00	-209.00	-212.00	-212.00	-215.00	-218.00	-218.00	-221.00	-224.00	-224.00	-227.00	-230.00	-233.00	-233.00	-236.00	-239.00
